date,count
1994-02-10,1
1994-02-11,1
1994-02-12,1
1994-02-13,1
1994-02-14,1
1994-02-15,1
1994-02-16,2
1994-02-17,10
1994-02-18,11
1994-02-19,11
1994-02-20,11
1994-02-21,11
1994-02-22,11
1994-02-23,11
1994-02-24,11
1994-02-25,11
1994-02-26,11
1994-02-27,11
1994-02-28,11
1994-03-01,11
1994-03-02,11
1994-03-03,11
1994-03-04,11
1994-03-05,11
1994-03-06,11
1994-03-07,11
1994-03-08,11
1994-03-09,11
1994-03-10,11
1994-03-11,11
1994-03-12,11
1994-03-13,11
1994-03-14,11
1994-03-15,11
1994-03-16,11
1994-03-17,11
1994-03-18,11
1994-03-19,11
1994-03-20,11
1994-03-21,11
1994-03-22,11
1994-03-23,11
1994-03-24,11
1994-03-25,11
1994-03-26,11
1994-03-27,11
1994-03-28,11
1994-03-29,11
1994-03-30,11
1994-03-31,11
1994-04-01,11
1994-04-02,11
1994-04-03,11
1994-04-04,11
1994-04-05,11
1994-04-06,11
1994-04-07,11
1994-04-08,11
1994-04-09,11
1994-04-10,11
1994-04-11,11
1994-04-12,11
1994-04-13,11
1994-04-14,11
1994-04-15,11
1994-04-16,11
1994-04-17,11
1994-04-18,11
1994-04-19,11
1994-04-20,11
1994-04-21,11
1994-04-22,11
1994-04-23,11
1994-04-24,11
1994-04-25,11
1994-04-26,11
1994-04-27,11
1994-04-28,11
1994-04-29,11
1994-04-30,11
1994-05-01,11
1994-05-02,11
1994-05-03,11
1994-05-04,11
1994-05-05,11
1994-05-06,11
1994-05-07,11
1994-05-08,11
1994-05-09,11
1994-05-10,11
1994-05-11,11
1994-05-12,11
1994-05-13,11
1994-05-14,11
1994-05-15,11
1994-05-16,11
1994-05-17,11
1994-05-18,11
1994-05-19,11
1994-05-20,11
1994-05-21,11
1994-05-22,11
1994-05-23,11
1994-05-24,11
1994-05-25,11
1994-05-26,11
1994-05-27,11
1994-05-28,11
1994-05-29,11
1994-05-30,11
1994-05-31,11
1994-06-01,11
1994-06-02,11
1994-06-03,11
1994-06-04,11
1994-06-05,11
1994-06-06,11
1994-06-07,11
1994-06-08,11
1994-06-09,11
1994-06-10,11
1994-06-11,11
1994-06-12,11
1994-06-13,11
1994-06-14,11
1994-06-15,11
1994-06-16,11
1994-06-17,11
1994-06-18,11
1994-06-19,11
1994-06-20,11
1994-06-21,11
1994-06-22,11
1994-06-23,11
1994-06-24,11
1994-06-25,11
1994-06-26,11
1994-06-27,11
1994-06-28,11
1994-06-29,11
1994-06-30,11
1994-07-01,11
1994-07-02,11
1994-07-03,11
1994-07-04,11
1994-07-05,11
1994-07-06,11
1994-07-07,11
1994-07-08,11
1994-07-09,11
1994-07-10,11
1994-07-11,11
1994-07-12,11
1994-07-13,11
1994-07-14,11
1994-07-15,11
1994-07-16,11
1994-07-17,11
1994-07-18,11
1994-07-19,11
1994-07-20,11
1994-07-21,11
1994-07-22,11
1994-07-23,11
1994-07-24,11
1994-07-25,11
1994-07-26,11
1994-07-27,11
1994-07-28,11
1994-07-29,11
1994-07-30,11
1994-07-31,11
1994-08-01,11
1994-08-02,11
1994-08-03,11
1994-08-04,11
1994-08-05,11
1994-08-06,11
1994-08-07,11
1994-08-08,11
1994-08-09,11
1994-08-10,11
1994-08-11,11
1994-08-12,11
1994-08-13,11
1994-08-14,11
1994-08-15,11
1994-08-16,11
1994-08-17,11
1994-08-18,11
1994-08-19,11
1994-08-20,11
1994-08-21,11
1994-08-22,11
1994-08-23,11
1994-08-24,11
1994-08-25,11
1994-08-26,11
1994-08-27,11
1994-08-28,11
1994-08-29,11
1994-08-30,11
1994-08-31,11
1994-09-01,11
1994-09-02,11
1994-09-03,11
1994-09-04,11
1994-09-05,11
1994-09-06,11
1994-09-07,11
1994-09-08,11
1994-09-09,11
1994-09-10,11
1994-09-11,11
1994-09-12,11
1994-09-13,11
1994-09-14,11
1994-09-15,11
1994-09-16,11
1994-09-17,11
1994-09-18,11
1994-09-19,11
1994-09-20,11
1994-09-21,11
1994-09-22,11
1994-09-23,11
1994-09-24,11
1994-09-25,11
1994-09-26,11
1994-09-27,11
1994-09-28,11
1994-09-29,11
1994-09-30,11
1994-10-01,11
1994-10-02,11
1994-10-03,11
1994-10-04,11
1994-10-05,11
1994-10-06,11
1994-10-07,11
1994-10-08,11
1994-10-09,11
1994-10-10,11
1994-10-11,11
1994-10-12,11
1994-10-13,11
1994-10-14,11
1994-10-15,11
1994-10-16,11
1994-10-17,11
1994-10-18,11
1994-10-19,11
1994-10-20,11
1994-10-21,11
1994-10-22,11
1994-10-23,11
1994-10-24,11
1994-10-25,11
1994-10-26,11
1994-10-27,11
1994-10-28,11
1994-10-29,11
1994-10-30,11
1994-10-31,11
1994-11-01,11
1994-11-02,11
1994-11-03,11
1994-11-04,11
1994-11-05,11
1994-11-06,11
1994-11-07,11
1994-11-08,11
1994-11-09,11
1994-11-10,11
1994-11-11,11
1994-11-12,11
1994-11-13,11
1994-11-14,11
1994-11-15,11
1994-11-16,11
1994-11-17,11
1994-11-18,11
1994-11-19,11
1994-11-20,11
1994-11-21,11
1994-11-22,11
1994-11-23,11
1994-11-24,11
1994-11-25,11
1994-11-26,11
1994-11-27,11
1994-11-28,11
1994-11-29,11
1994-11-30,11
1994-12-01,11
1994-12-02,11
1994-12-03,11
1994-12-04,11
1994-12-05,11
1994-12-06,11
1994-12-07,11
1994-12-08,11
1994-12-09,11
1994-12-10,11
1994-12-11,11
1994-12-12,11
1994-12-13,11
1994-12-14,11
1994-12-15,11
1994-12-16,11
1994-12-17,11
1994-12-18,11
1994-12-19,11
1994-12-20,11
1994-12-21,11
1994-12-22,11
1994-12-23,11
1994-12-24,11
1994-12-25,11
1994-12-26,11
1994-12-27,11
1994-12-28,11
1994-12-29,11
1994-12-30,11
1994-12-31,11
1995-01-01,11
1995-01-02,11
1995-01-03,11
1995-01-04,11
1995-01-05,11
1995-01-06,11
1995-01-07,11
1995-01-08,11
1995-01-09,11
1995-01-10,11
1995-01-11,11
1995-01-12,11
1995-01-13,11
1995-01-14,11
1995-01-15,11
1995-01-16,11
1995-01-17,11
1995-01-18,11
1995-01-19,11
1995-01-20,11
1995-01-21,11
1995-01-22,11
1995-01-23,11
1995-01-24,11
1995-01-25,11
1995-01-26,11
1995-01-27,11
1995-01-28,11
1995-01-29,11
1995-01-30,11
1995-01-31,11
1995-02-01,11
1995-02-02,11
1995-02-03,11
1995-02-04,11
1995-02-05,11
1995-02-06,11
1995-02-07,11
1995-02-08,11
1995-02-09,11
1995-02-10,11
1995-02-11,11
1995-02-12,11
1995-02-13,11
1995-02-14,11
1995-02-15,11
1995-02-16,11
1995-02-17,11
1995-02-18,11
1995-02-19,11
1995-02-20,11
1995-02-21,11
1995-02-22,11
1995-02-23,11
1995-02-24,11
1995-02-25,11
1995-02-26,11
1995-02-27,11
1995-02-28,11
1995-03-01,11
1995-03-02,11
1995-03-03,11
1995-03-04,11
1995-03-05,11
1995-03-06,11
1995-03-07,11
1995-03-08,11
1995-03-09,11
1995-03-10,11
1995-03-11,11
1995-03-12,11
1995-03-13,11
1995-03-14,11
1995-03-15,11
1995-03-16,11
1995-03-17,11
1995-03-18,11
1995-03-19,11
1995-03-20,11
1995-03-21,11
1995-03-22,11
1995-03-23,11
1995-03-24,11
1995-03-25,11
1995-03-26,11
1995-03-27,11
1995-03-28,11
1995-03-29,11
1995-03-30,11
1995-03-31,11
1995-04-01,11
1995-04-02,11
1995-04-03,11
1995-04-04,11
1995-04-05,11
1995-04-06,11
1995-04-07,11
1995-04-08,11
1995-04-09,11
1995-04-10,11
1995-04-11,11
1995-04-12,11
1995-04-13,11
1995-04-14,11
1995-04-15,11
1995-04-16,11
1995-04-17,11
1995-04-18,11
1995-04-19,11
1995-04-20,11
1995-04-21,11
1995-04-22,11
1995-04-23,11
1995-04-24,11
1995-04-25,11
1995-04-26,11
1995-04-27,11
1995-04-28,11
1995-04-29,11
1995-04-30,11
1995-05-01,11
1995-05-02,11
1995-05-03,11
1995-05-04,11
1995-05-05,11
1995-05-06,11
1995-05-07,11
1995-05-08,11
1995-05-09,11
1995-05-10,11
1995-05-11,11
1995-05-12,11
1995-05-13,11
1995-05-14,11
1995-05-15,11
1995-05-16,11
1995-05-17,11
1995-05-18,11
1995-05-19,11
1995-05-20,11
1995-05-21,11
1995-05-22,11
1995-05-23,11
1995-05-24,11
1995-05-25,11
1995-05-26,11
1995-05-27,11
1995-05-28,11
1995-05-29,11
1995-05-30,11
1995-05-31,11
1995-06-01,11
1995-06-02,11
1995-06-03,11
1995-06-04,11
1995-06-05,11
1995-06-06,11
1995-06-07,11
1995-06-08,11
1995-06-09,11
1995-06-10,11
1995-06-11,11
1995-06-12,11
1995-06-13,11
1995-06-14,11
1995-06-15,11
1995-06-16,11
1995-06-17,11
1995-06-18,11
1995-06-19,11
1995-06-20,11
1995-06-21,11
1995-06-22,11
1995-06-23,11
1995-06-24,11
1995-06-25,11
1995-06-26,11
1995-06-27,11
1995-06-28,11
1995-06-29,11
1995-06-30,11
1995-07-01,11
1995-07-02,11
1995-07-03,11
1995-07-04,11
1995-07-05,11
1995-07-06,11
1995-07-07,11
1995-07-08,11
1995-07-09,11
1995-07-10,11
1995-07-11,11
1995-07-12,11
1995-07-13,11
1995-07-14,11
1995-07-15,11
1995-07-16,11
1995-07-17,11
1995-07-18,11
1995-07-19,11
1995-07-20,11
1995-07-21,11
1995-07-22,11
1995-07-23,11
1995-07-24,11
1995-07-25,11
1995-07-26,11
1995-07-27,11
1995-07-28,11
1995-07-29,11
1995-07-30,11
1995-07-31,11
1995-08-01,11
1995-08-02,11
1995-08-03,11
1995-08-04,11
1995-08-05,11
1995-08-06,11
1995-08-07,11
1995-08-08,11
1995-08-09,11
1995-08-10,11
1995-08-11,11
1995-08-12,11
1995-08-13,11
1995-08-14,11
1995-08-15,11
1995-08-16,11
1995-08-17,11
1995-08-18,11
1995-08-19,11
1995-08-20,11
1995-08-21,11
1995-08-22,11
1995-08-23,11
1995-08-24,11
1995-08-25,11
1995-08-26,11
1995-08-27,11
1995-08-28,11
1995-08-29,11
1995-08-30,11
1995-08-31,11
1995-09-01,11
1995-09-02,11
1995-09-03,11
1995-09-04,11
1995-09-05,11
1995-09-06,11
1995-09-07,11
1995-09-08,11
1995-09-09,11
1995-09-10,11
1995-09-11,11
1995-09-12,11
1995-09-13,11
1995-09-14,11
1995-09-15,11
1995-09-16,11
1995-09-17,11
1995-09-18,11
1995-09-19,11
1995-09-20,11
1995-09-21,11
1995-09-22,11
1995-09-23,11
1995-09-24,11
1995-09-25,11
1995-09-26,11
1995-09-27,11
1995-09-28,11
1995-09-29,11
1995-09-30,11
1995-10-01,11
1995-10-02,11
1995-10-03,11
1995-10-04,11
1995-10-05,11
1995-10-06,11
1995-10-07,11
1995-10-08,11
1995-10-09,11
1995-10-10,11
1995-10-11,11
1995-10-12,11
1995-10-13,11
1995-10-14,11
1995-10-15,11
1995-10-16,11
1995-10-17,11
1995-10-18,11
1995-10-19,13
1995-10-20,13
1995-10-21,13
1995-10-22,13
1995-10-23,13
1995-10-24,13
1995-10-25,13
1995-10-26,13
1995-10-27,13
1995-10-28,13
1995-10-29,13
1995-10-30,13
1995-10-31,13
1995-11-01,13
1995-11-02,13
1995-11-03,13
1995-11-04,13
1995-11-05,13
1995-11-06,13
1995-11-07,13
1995-11-08,13
1995-11-09,13
1995-11-10,13
1995-11-11,13
1995-11-12,13
1995-11-13,13
1995-11-14,13
1995-11-15,13
1995-11-16,13
1995-11-17,13
1995-11-18,13
1995-11-19,13
1995-11-20,13
1995-11-21,13
1995-11-22,13
1995-11-23,13
1995-11-24,13
1995-11-25,13
1995-11-26,13
1995-11-27,13
1995-11-28,13
1995-11-29,13
1995-11-30,13
1995-12-01,13
1995-12-02,13
1995-12-03,13
1995-12-04,13
1995-12-05,13
1995-12-06,13
1995-12-07,14
1995-12-08,14
1995-12-09,14
1995-12-10,14
1995-12-11,14
1995-12-12,14
1995-12-13,14
1995-12-14,14
1995-12-15,14
1995-12-16,14
1995-12-17,14
1995-12-18,14
1995-12-19,14
1995-12-20,14
1995-12-21,14
1995-12-22,14
1995-12-23,14
1995-12-24,14
1995-12-25,14
1995-12-26,14
1995-12-27,14
1995-12-28,14
1995-12-29,14
1995-12-30,14
1995-12-31,14
1996-01-01,14
1996-01-02,14
1996-01-03,14
1996-01-04,14
1996-01-05,14
1996-01-06,14
1996-01-07,14
1996-01-08,14
1996-01-09,14
1996-01-10,14
1996-01-11,14
1996-01-12,14
1996-01-13,14
1996-01-14,14
1996-01-15,14
1996-01-16,14
1996-01-17,14
1996-01-18,14
1996-01-19,14
1996-01-20,14
1996-01-21,14
1996-01-22,14
1996-01-23,14
1996-01-24,14
1996-01-25,14
1996-01-26,14
1996-01-27,14
1996-01-28,14
1996-01-29,14
1996-01-30,14
1996-01-31,14
1996-02-01,14
1996-02-02,14
1996-02-03,14
1996-02-04,14
1996-02-05,14
1996-02-06,14
1996-02-07,14
1996-02-08,14
1996-02-09,14
1996-02-10,14
1996-02-11,14
1996-02-12,14
1996-02-13,14
1996-02-14,14
1996-02-15,14
1996-02-16,14
1996-02-17,14
1996-02-18,14
1996-02-19,14
1996-02-20,14
1996-02-21,14
1996-02-22,14
1996-02-23,14
1996-02-24,14
1996-02-25,14
1996-02-26,14
1996-02-27,14
1996-02-28,14
1996-02-29,14
1996-03-01,14
1996-03-02,14
1996-03-03,14
1996-03-04,14
1996-03-05,14
1996-03-06,14
1996-03-07,14
1996-03-08,14
1996-03-09,14
1996-03-10,14
1996-03-11,14
1996-03-12,14
1996-03-13,15
1996-03-14,15
1996-03-15,15
1996-03-16,15
1996-03-17,15
1996-03-18,15
1996-03-19,15
1996-03-20,15
1996-03-21,15
1996-03-22,15
1996-03-23,15
1996-03-24,15
1996-03-25,15
1996-03-26,15
1996-03-27,15
1996-03-28,15
1996-03-29,15
1996-03-30,15
1996-03-31,15
1996-04-01,15
1996-04-02,15
1996-04-03,15
1996-04-04,15
1996-04-05,15
1996-04-06,15
1996-04-07,15
1996-04-08,15
1996-04-09,15
1996-04-10,15
1996-04-11,15
1996-04-12,15
1996-04-13,15
1996-04-14,15
1996-04-15,15
1996-04-16,15
1996-04-17,15
1996-04-18,15
1996-04-19,15
1996-04-20,15
1996-04-21,15
1996-04-22,15
1996-04-23,15
1996-04-24,15
1996-04-25,15
1996-04-26,15
1996-04-27,15
1996-04-28,15
1996-04-29,15
1996-04-30,15
1996-05-01,15
1996-05-02,15
1996-05-03,15
1996-05-04,15
1996-05-05,15
1996-05-06,15
1996-05-07,15
1996-05-08,15
1996-05-09,15
1996-05-10,15
1996-05-11,15
1996-05-12,15
1996-05-13,15
1996-05-14,15
1996-05-15,15
1996-05-16,15
1996-05-17,15
1996-05-18,15
1996-05-19,15
1996-05-20,15
1996-05-21,15
1996-05-22,16
1996-05-23,16
1996-05-24,16
1996-05-25,16
1996-05-26,16
1996-05-27,16
1996-05-28,16
1996-05-29,17
1996-05-30,17
1996-05-31,17
1996-06-01,17
1996-06-02,17
1996-06-03,17
1996-06-04,17
1996-06-05,17
1996-06-06,17
1996-06-07,17
1996-06-08,17
1996-06-09,17
1996-06-10,17
1996-06-11,17
1996-06-12,17
1996-06-13,17
1996-06-14,17
1996-06-15,17
1996-06-16,17
1996-06-17,17
1996-06-18,17
1996-06-19,17
1996-06-20,17
1996-06-21,17
1996-06-22,17
1996-06-23,17
1996-06-24,17
1996-06-25,17
1996-06-26,17
1996-06-27,17
1996-06-28,17
1996-06-29,18
1996-06-30,18
1996-07-01,18
1996-07-02,18
1996-07-03,19
1996-07-04,19
1996-07-05,19
1996-07-06,19
1996-07-07,19
1996-07-08,19
1996-07-09,19
1996-07-10,19
1996-07-11,19
1996-07-12,19
1996-07-13,19
1996-07-14,19
1996-07-15,19
1996-07-16,19
1996-07-17,19
1996-07-18,19
1996-07-19,19
1996-07-20,19
1996-07-21,19
1996-07-22,19
1996-07-23,19
1996-07-24,19
1996-07-25,19
1996-07-26,19
1996-07-27,19
1996-07-28,19
1996-07-29,19
1996-07-30,19
1996-07-31,19
1996-08-01,19
1996-08-02,19
1996-08-03,19
1996-08-04,19
1996-08-05,19
1996-08-06,19
1996-08-07,19
1996-08-08,19
1996-08-09,19
1996-08-10,19
1996-08-11,19
1996-08-12,19
1996-08-13,19
1996-08-14,19
1996-08-15,19
1996-08-16,19
1996-08-17,19
1996-08-18,19
1996-08-19,19
1996-08-20,19
1996-08-21,19
1996-08-22,19
1996-08-23,19
1996-08-24,19
1996-08-25,19
1996-08-26,19
1996-08-27,19
1996-08-28,19
1996-08-29,19
1996-08-30,19
1996-08-31,19
1996-09-01,19
1996-09-02,19
1996-09-03,19
1996-09-04,19
1996-09-05,19
1996-09-06,19
1996-09-07,19
1996-09-08,19
1996-09-09,19
1996-09-10,19
1996-09-11,19
1996-09-12,19
1996-09-13,19
1996-09-14,19
1996-09-15,19
1996-09-16,19
1996-09-17,19
1996-09-18,19
1996-09-19,19
1996-09-20,19
1996-09-21,19
1996-09-22,19
1996-09-23,19
1996-09-24,19
1996-09-25,19
1996-09-26,19
1996-09-27,20
1996-09-28,20
1996-09-29,20
1996-09-30,20
1996-10-01,20
1996-10-02,20
1996-10-03,20
1996-10-04,20
1996-10-05,20
1996-10-06,20
1996-10-07,20
1996-10-08,20
1996-10-09,20
1996-10-10,20
1996-10-11,20
1996-10-12,20
1996-10-13,20
1996-10-14,20
1996-10-15,20
1996-10-16,20
1996-10-17,20
1996-10-18,20
1996-10-19,20
1996-10-20,20
1996-10-21,20
1996-10-22,20
1996-10-23,20
1996-10-24,20
1996-10-25,20
1996-10-26,20
1996-10-27,20
1996-10-28,20
1996-10-29,20
1996-10-30,20
1996-10-31,20
1996-11-01,20
1996-11-02,20
1996-11-03,20
1996-11-04,20
1996-11-05,20
1996-11-06,20
1996-11-07,20
1996-11-08,20
1996-11-09,20
1996-11-10,20
1996-11-11,20
1996-11-12,20
1996-11-13,20
1996-11-14,20
1996-11-15,20
1996-11-16,20
1996-11-17,20
1996-11-18,20
1996-11-19,20
1996-11-20,20
1996-11-21,20
1996-11-22,20
1996-11-23,20
1996-11-24,20
1996-11-25,20
1996-11-26,20
1996-11-27,20
1996-11-28,20
1996-11-29,20
1996-11-30,20
1996-12-01,20
1996-12-02,20
1996-12-03,20
1996-12-04,20
1996-12-05,20
1996-12-06,20
1996-12-07,20
1996-12-08,20
1996-12-09,20
1996-12-10,20
1996-12-11,20
1996-12-12,20
1996-12-13,21
1996-12-14,21
1996-12-15,21
1996-12-16,21
1996-12-17,22
1996-12-18,22
1996-12-19,22
1996-12-20,22
1996-12-21,22
1996-12-22,22
1996-12-23,22
1996-12-24,22
1996-12-25,22
1996-12-26,22
1996-12-27,22
1996-12-28,23
1996-12-29,23
1996-12-30,23
1996-12-31,23
1997-01-01,23
1997-01-02,23
1997-01-03,23
1997-01-04,23
1997-01-05,23
1997-01-06,23
1997-01-07,23
1997-01-08,24
1997-01-09,24
1997-01-10,24
1997-01-11,24
1997-01-12,24
1997-01-13,24
1997-01-14,24
1997-01-15,24
1997-01-16,24
1997-01-17,24
1997-01-18,24
1997-01-19,24
1997-01-20,24
1997-01-21,24
1997-01-22,24
1997-01-23,24
1997-01-24,24
1997-01-25,24
1997-01-26,24
1997-01-27,24
1997-01-28,24
1997-01-29,24
1997-01-30,24
1997-01-31,24
1997-02-01,24
1997-02-02,24
1997-02-03,24
1997-02-04,24
1997-02-05,24
1997-02-06,24
1997-02-07,24
1997-02-08,24
1997-02-09,24
1997-02-10,24
1997-02-11,24
1997-02-12,24
1997-02-13,24
1997-02-14,24
1997-02-15,24
1997-02-16,24
1997-02-17,24
1997-02-18,24
1997-02-19,24
1997-02-20,24
1997-02-21,24
1997-02-22,24
1997-02-23,24
1997-02-24,24
1997-02-25,24
1997-02-26,24
1997-02-27,24
1997-02-28,24
1997-03-01,24
1997-03-02,24
1997-03-03,24
1997-03-04,24
1997-03-05,24
1997-03-06,24
1997-03-07,24
1997-03-08,24
1997-03-09,24
1997-03-10,24
1997-03-11,24
1997-03-12,24
1997-03-13,24
1997-03-14,24
1997-03-15,24
1997-03-16,24
1997-03-17,24
1997-03-18,25
1997-03-19,25
1997-03-20,25
1997-03-21,25
1997-03-22,25
1997-03-23,25
1997-03-24,24
1997-03-25,25
1997-03-26,25
1997-03-27,25
1997-03-28,25
1997-03-29,25
1997-03-30,25
1997-03-31,25
1997-04-01,25
1997-04-02,25
1997-04-03,25
1997-04-04,25
1997-04-05,26
1997-04-06,26
1997-04-07,26
1997-04-08,26
1997-04-09,26
1997-04-10,26
1997-04-11,26
1997-04-12,26
1997-04-13,26
1997-04-14,26
1997-04-15,26
1997-04-16,26
1997-04-17,26
1997-04-18,26
1997-04-19,26
1997-04-20,26
1997-04-21,26
1997-04-22,26
1997-04-23,26
1997-04-24,26
1997-04-25,26
1997-04-26,26
1997-04-27,26
1997-04-28,26
1997-04-29,26
1997-04-30,26
1997-05-01,26
1997-05-02,26
1997-05-03,26
1997-05-04,26
1997-05-05,26
1997-05-06,26
1997-05-07,26
1997-05-08,26
1997-05-09,26
1997-05-10,26
1997-05-11,26
1997-05-12,26
1997-05-13,26
1997-05-14,26
1997-05-15,26
1997-05-16,26
1997-05-17,26
1997-05-18,26
1997-05-19,26
1997-05-20,26
1997-05-21,26
1997-05-22,26
1997-05-23,26
1997-05-24,26
1997-05-25,26
1997-05-26,26
1997-05-27,26
1997-05-28,26
1997-05-29,26
1997-05-30,26
1997-05-31,26
1997-06-01,26
1997-06-02,26
1997-06-03,26
1997-06-04,26
1997-06-05,26
1997-06-06,26
1997-06-07,26
1997-06-08,26
1997-06-09,26
1997-06-10,26
1997-06-11,26
1997-06-12,26
1997-06-13,26
1997-06-14,26
1997-06-15,26
1997-06-16,26
1997-06-17,26
1997-06-18,26
1997-06-19,26
1997-06-20,26
1997-06-21,26
1997-06-22,26
1997-06-23,26
1997-06-24,26
1997-06-25,26
1997-06-26,26
1997-06-27,26
1997-06-28,26
1997-06-29,26
1997-06-30,26
1997-07-01,26
1997-07-02,26
1997-07-03,26
1997-07-04,27
1997-07-05,27
1997-07-06,27
1997-07-07,27
1997-07-08,27
1997-07-09,27
1997-07-10,27
1997-07-11,27
1997-07-12,27
1997-07-13,27
1997-07-14,27
1997-07-15,27
1997-07-16,27
1997-07-17,27
1997-07-18,27
1997-07-19,27
1997-07-20,27
1997-07-21,27
1997-07-22,27
1997-07-23,27
1997-07-24,27
1997-07-25,27
1997-07-26,27
1997-07-27,27
1997-07-28,27
1997-07-29,27
1997-07-30,27
1997-07-31,27
1997-08-01,27
1997-08-02,27
1997-08-03,27
1997-08-04,27
1997-08-05,27
1997-08-06,27
1997-08-07,27
1997-08-08,27
1997-08-09,27
1997-08-10,27
1997-08-11,27
1997-08-12,27
1997-08-13,27
1997-08-14,27
1997-08-15,27
1997-08-16,27
1997-08-17,27
1997-08-18,27
1997-08-19,27
1997-08-20,27
1997-08-21,27
1997-08-22,27
1997-08-23,27
1997-08-24,27
1997-08-25,27
1997-08-26,27
1997-08-27,27
1997-08-28,27
1997-08-29,27
1997-08-30,27
1997-08-31,27
1997-09-01,27
1997-09-02,27
1997-09-03,27
1997-09-04,27
1997-09-05,27
1997-09-06,27
1997-09-07,27
1997-09-08,27
1997-09-09,27
1997-09-10,27
1997-09-11,27
1997-09-12,27
1997-09-13,27
1997-09-14,27
1997-09-15,27
1997-09-16,27
1997-09-17,27
1997-09-18,27
1997-09-19,27
1997-09-20,27
1997-09-21,27
1997-09-22,27
1997-09-23,27
1997-09-24,27
1997-09-25,29
1997-09-26,29
1997-09-27,29
1997-09-28,29
1997-09-29,29
1997-09-30,29
1997-10-01,29
1997-10-02,29
1997-10-03,29
1997-10-04,29
1997-10-05,29
1997-10-06,29
1997-10-07,29
1997-10-08,29
1997-10-09,28
1997-10-10,28
1997-10-11,28
1997-10-12,28
1997-10-13,28
1997-10-14,28
1997-10-15,28
1997-10-16,28
1997-10-17,28
1997-10-18,28
1997-10-19,28
1997-10-20,28
1997-10-21,28
1997-10-22,28
1997-10-23,28
1997-10-24,28
1997-10-25,28
1997-10-26,28
1997-10-27,28
1997-10-28,28
1997-10-29,28
1997-10-30,28
1997-10-31,28
1997-11-01,28
1997-11-02,28
1997-11-03,28
1997-11-04,28
1997-11-05,28
1997-11-06,28
1997-11-07,28
1997-11-08,28
1997-11-09,28
1997-11-10,28
1997-11-11,28
1997-11-12,28
1997-11-13,28
1997-11-14,28
1997-11-15,28
1997-11-16,28
1997-11-17,28
1997-11-18,28
1997-11-19,28
1997-11-20,28
1997-11-21,28
1997-11-22,28
1997-11-23,28
1997-11-24,28
1997-11-25,28
1997-11-26,28
1997-11-27,28
1997-11-28,28
1997-11-29,28
1997-11-30,28
1997-12-01,28
1997-12-02,28
1997-12-03,28
1997-12-04,28
1997-12-05,28
1997-12-06,28
1997-12-07,28
1997-12-08,28
1997-12-09,28
1997-12-10,28
1997-12-11,28
1997-12-12,28
1997-12-13,28
1997-12-14,28
1997-12-15,28
1997-12-16,28
1997-12-17,28
1997-12-18,28
1997-12-19,28
1997-12-20,28
1997-12-21,28
1997-12-22,28
1997-12-23,29
1997-12-24,29
1997-12-25,30
1997-12-26,30
1997-12-27,30
1997-12-28,30
1997-12-29,30
1997-12-30,30
1997-12-31,30
1998-01-01,30
1998-01-02,30
1998-01-03,30
1998-01-04,30
1998-01-05,30
1998-01-06,30
1998-01-07,30
1998-01-08,30
1998-01-09,30
1998-01-10,30
1998-01-11,30
1998-01-12,30
1998-01-13,30
1998-01-14,30
1998-01-15,30
1998-01-16,30
1998-01-17,30
1998-01-18,30
1998-01-19,30
1998-01-20,30
1998-01-21,30
1998-01-22,30
1998-01-23,30
1998-01-24,30
1998-01-25,30
1998-01-26,30
1998-01-27,30
1998-01-28,30
1998-01-29,30
1998-01-30,30
1998-01-31,30
1998-02-01,30
1998-02-02,30
1998-02-03,30
1998-02-04,31
1998-02-05,32
1998-02-06,32
1998-02-07,32
1998-02-08,32
1998-02-09,32
1998-02-10,32
1998-02-11,33
1998-02-12,33
1998-02-13,33
1998-02-14,33
1998-02-15,33
1998-02-16,33
1998-02-17,33
1998-02-18,34
1998-02-19,34
1998-02-20,34
1998-02-21,34
1998-02-22,34
1998-02-23,34
1998-02-24,34
1998-02-25,34
1998-02-26,35
1998-02-27,36
1998-02-28,36
1998-03-01,36
1998-03-02,36
1998-03-03,36
1998-03-04,36
1998-03-05,36
1998-03-06,36
1998-03-07,36
1998-03-08,36
1998-03-09,36
1998-03-10,36
1998-03-11,36
1998-03-12,36
1998-03-13,36
1998-03-14,36
1998-03-15,36
1998-03-16,36
1998-03-17,36
1998-03-18,36
1998-03-19,36
1998-03-20,36
1998-03-21,36
1998-03-22,36
1998-03-23,36
1998-03-24,36
1998-03-25,36
1998-03-26,36
1998-03-27,36
1998-03-28,36
1998-03-29,36
1998-03-30,36
1998-03-31,36
1998-04-01,36
1998-04-02,40
1998-04-03,40
1998-04-04,40
1998-04-05,40
1998-04-06,40
1998-04-07,40
1998-04-08,40
1998-04-09,40
1998-04-10,40
1998-04-11,40
1998-04-12,40
1998-04-13,39
1998-04-14,40
1998-04-15,40
1998-04-16,40
1998-04-17,40
1998-04-18,40
1998-04-19,40
1998-04-20,40
1998-04-21,40
1998-04-22,40
1998-04-23,40
1998-04-24,40
1998-04-25,40
1998-04-26,40
1998-04-27,40
1998-04-28,40
1998-04-29,39
1998-04-30,40
1998-05-01,40
1998-05-02,40
1998-05-03,40
1998-05-04,40
1998-05-05,40
1998-05-06,40
1998-05-07,40
1998-05-08,40
1998-05-09,40
1998-05-10,40
1998-05-11,40
1998-05-12,40
1998-05-13,40
1998-05-14,40
1998-05-15,40
1998-05-16,41
1998-05-17,41
1998-05-18,41
1998-05-19,41
1998-05-20,41
1998-05-21,41
1998-05-22,41
1998-05-23,41
1998-05-24,41
1998-05-25,41
1998-05-26,41
1998-05-27,41
1998-05-28,41
1998-05-29,41
1998-05-30,41
1998-05-31,41
1998-06-01,41
1998-06-02,41
1998-06-03,41
1998-06-04,41
1998-06-05,41
1998-06-06,41
1998-06-07,41
1998-06-08,41
1998-06-09,41
1998-06-10,41
1998-06-11,41
1998-06-12,41
1998-06-13,41
1998-06-14,41
1998-06-15,41
1998-06-16,41
1998-06-17,41
1998-06-18,41
1998-06-19,41
1998-06-20,41
1998-06-21,41
1998-06-22,41
1998-06-23,41
1998-06-24,41
1998-06-25,41
1998-06-26,41
1998-06-27,41
1998-06-28,41
1998-06-29,41
1998-06-30,41
1998-07-01,41
1998-07-02,41
1998-07-03,41
1998-07-04,41
1998-07-05,41
1998-07-06,41
1998-07-07,41
1998-07-08,41
1998-07-09,41
1998-07-10,41
1998-07-11,41
1998-07-12,41
1998-07-13,41
1998-07-14,41
1998-07-15,41
1998-07-16,41
1998-07-17,41
1998-07-18,41
1998-07-19,41
1998-07-20,41
1998-07-21,41
1998-07-22,41
1998-07-23,41
1998-07-24,41
1998-07-25,42
1998-07-26,42
1998-07-27,42
1998-07-28,43
1998-07-29,43
1998-07-30,43
1998-07-31,43
1998-08-01,44
1998-08-02,44
1998-08-03,44
1998-08-04,44
1998-08-05,44
1998-08-06,44
1998-08-07,44
1998-08-08,44
1998-08-09,44
1998-08-10,44
1998-08-11,44
1998-08-12,45
1998-08-13,45
1998-08-14,46
1998-08-15,47
1998-08-16,47
1998-08-17,47
1998-08-18,47
1998-08-19,47
1998-08-20,47
1998-08-21,47
1998-08-22,47
1998-08-23,47
1998-08-24,47
1998-08-25,47
1998-08-26,47
1998-08-27,47
1998-08-28,47
1998-08-29,47
1998-08-30,47
1998-08-31,47
1998-09-01,47
1998-09-02,47
1998-09-03,47
1998-09-04,47
1998-09-05,48
1998-09-06,48
1998-09-07,48
1998-09-08,48
1998-09-09,48
1998-09-10,48
1998-09-11,48
1998-09-12,49
1998-09-13,49
1998-09-14,49
1998-09-15,49
1998-09-16,49
1998-09-17,49
1998-09-18,49
1998-09-19,49
1998-09-20,49
1998-09-21,49
1998-09-22,49
1998-09-23,49
1998-09-24,49
1998-09-25,51
1998-09-26,51
1998-09-27,51
1998-09-28,51
1998-09-29,51
1998-09-30,51
1998-10-01,51
1998-10-02,51
1998-10-03,51
1998-10-04,51
1998-10-05,51
1998-10-06,51
1998-10-07,51
1998-10-08,51
1998-10-09,51
1998-10-10,51
1998-10-11,51
1998-10-12,51
1998-10-13,51
1998-10-14,52
1998-10-15,52
1998-10-16,52
1998-10-17,52
1998-10-18,52
1998-10-19,52
1998-10-20,52
1998-10-21,52
1998-10-22,52
1998-10-23,52
1998-10-24,52
1998-10-25,52
1998-10-26,52
1998-10-27,52
1998-10-28,52
1998-10-29,52
1998-10-30,52
1998-10-31,52
1998-11-01,52
1998-11-02,52
1998-11-03,52
1998-11-04,52
1998-11-05,52
1998-11-06,52
1998-11-07,52
1998-11-08,52
1998-11-09,52
1998-11-10,52
1998-11-11,52
1998-11-12,52
1998-11-13,52
1998-11-14,52
1998-11-15,52
1998-11-16,52
1998-11-17,52
1998-11-18,52
1998-11-19,52
1998-11-20,53
1998-11-21,54
1998-11-22,54
1998-11-23,54
1998-11-24,54
1998-11-25,54
1998-11-26,55
1998-11-27,55
1998-11-28,55
1998-11-29,55
1998-11-30,55
1998-12-01,55
1998-12-02,55
1998-12-03,55
1998-12-04,55
1998-12-05,56
1998-12-06,56
1998-12-07,56
1998-12-08,56
1998-12-09,56
1998-12-10,56
1998-12-11,56
1998-12-12,56
1998-12-13,56
1998-12-14,56
1998-12-15,56
1998-12-16,57
1998-12-17,57
1998-12-18,57
1998-12-19,57
1998-12-20,57
1998-12-21,57
1998-12-22,57
1998-12-23,57
1998-12-24,57
1998-12-25,58
1998-12-26,58
1998-12-27,58
1998-12-28,58
1998-12-29,58
1998-12-30,58
1998-12-31,60
1999-01-01,60
1999-01-02,60
1999-01-03,60
1999-01-04,60
1999-01-05,60
1999-01-06,60
1999-01-07,60
1999-01-08,60
1999-01-09,60
1999-01-10,60
1999-01-11,60
1999-01-12,61
1999-01-13,61
1999-01-14,61
1999-01-15,61
1999-01-16,62
1999-01-17,62
1999-01-18,62
1999-01-19,62
1999-01-20,63
1999-01-21,63
1999-01-22,63
1999-01-23,63
1999-01-24,63
1999-01-25,63
1999-01-26,63
1999-01-27,64
1999-01-28,64
1999-01-29,63
1999-01-30,63
1999-01-31,63
1999-02-01,63
1999-02-02,63
1999-02-03,63
1999-02-04,63
1999-02-05,63
1999-02-06,63
1999-02-07,63
1999-02-08,63
1999-02-09,64
1999-02-10,64
1999-02-11,64
1999-02-12,64
1999-02-13,66
1999-02-14,66
1999-02-15,66
1999-02-16,66
1999-02-17,67
1999-02-18,68
1999-02-19,68
1999-02-20,69
1999-02-21,69
1999-02-22,69
1999-02-23,69
1999-02-24,69
1999-02-25,69
1999-02-26,69
1999-02-27,70
1999-02-28,70
1999-03-01,70
1999-03-02,70
1999-03-03,70
1999-03-04,70
1999-03-05,70
1999-03-06,70
1999-03-07,70
1999-03-08,70
1999-03-09,70
1999-03-10,70
1999-03-11,70
1999-03-12,70
1999-03-13,70
1999-03-14,70
1999-03-15,70
1999-03-16,70
1999-03-17,71
1999-03-18,72
1999-03-19,73
1999-03-20,73
1999-03-21,73
1999-03-22,73
1999-03-23,74
1999-03-24,75
1999-03-25,75
1999-03-26,76
1999-03-27,77
1999-03-28,77
1999-03-29,77
1999-03-30,79
1999-03-31,79
1999-04-01,80
1999-04-02,84
1999-04-03,84
1999-04-04,84
1999-04-05,84
1999-04-06,85
1999-04-07,85
1999-04-08,85
1999-04-09,85
1999-04-10,86
1999-04-11,86
1999-04-12,86
1999-04-13,87
1999-04-14,87
1999-04-15,92
1999-04-16,93
1999-04-17,95
1999-04-18,95
1999-04-19,95
1999-04-20,96
1999-04-21,98
1999-04-22,100
1999-04-23,100
1999-04-24,101
1999-04-25,101
1999-04-26,101
1999-04-27,101
1999-04-28,102
1999-04-29,102
1999-04-30,102
1999-05-01,102
1999-05-02,102
1999-05-03,102
1999-05-04,105
1999-05-05,105
1999-05-06,105
1999-05-07,107
1999-05-08,107
1999-05-09,107
1999-05-10,107
1999-05-11,107
1999-05-12,108
1999-05-13,109
1999-05-14,114
1999-05-15,120
1999-05-16,120
1999-05-17,120
1999-05-18,125
1999-05-19,126
1999-05-20,127
1999-05-21,130
1999-05-22,132
1999-05-23,132
1999-05-24,132
1999-05-25,134
1999-05-26,134
1999-05-27,136
1999-05-28,139
1999-05-29,140
1999-05-30,140
1999-05-31,140
1999-06-01,140
1999-06-02,140
1999-06-03,140
1999-06-04,140
1999-06-05,142
1999-06-06,142
1999-06-07,142
1999-06-08,144
1999-06-09,146
1999-06-10,148
1999-06-11,152
1999-06-12,153
1999-06-13,153
1999-06-14,153
1999-06-15,156
1999-06-16,158
1999-06-17,158
1999-06-18,160
1999-06-19,161
1999-06-20,161
1999-06-21,161
1999-06-22,161
1999-06-23,162
1999-06-24,162
1999-06-25,163
1999-06-26,163
1999-06-27,163
1999-06-28,163
1999-06-29,162
1999-06-30,164
1999-07-01,166
1999-07-02,167
1999-07-03,169
1999-07-04,169
1999-07-05,169
1999-07-06,169
1999-07-07,171
1999-07-08,171
1999-07-09,172
1999-07-10,172
1999-07-11,172
1999-07-12,172
1999-07-13,172
1999-07-14,174
1999-07-15,176
1999-07-16,176
1999-07-17,178
1999-07-18,178
1999-07-19,178
1999-07-20,178
1999-07-21,178
1999-07-22,179
1999-07-23,180
1999-07-24,183
1999-07-25,183
1999-07-26,183
1999-07-27,183
1999-07-28,187
1999-07-29,190
1999-07-30,190
1999-07-31,191
1999-08-01,191
1999-08-02,191
1999-08-03,191
1999-08-04,191
1999-08-05,192
1999-08-06,193
1999-08-07,194
1999-08-08,194
1999-08-09,194
1999-08-10,197
1999-08-11,196
1999-08-12,197
1999-08-13,201
1999-08-14,207
1999-08-15,207
1999-08-16,207
1999-08-17,212
1999-08-18,213
1999-08-19,214
1999-08-20,214
1999-08-21,215
1999-08-22,215
1999-08-23,215
1999-08-24,216
1999-08-25,217
1999-08-26,217
1999-08-27,218
1999-08-28,219
1999-08-29,219
1999-08-30,219
1999-08-31,223
1999-09-01,226
1999-09-02,229
1999-09-03,231
1999-09-04,233
1999-09-05,233
1999-09-06,233
1999-09-07,233
1999-09-08,233
1999-09-09,234
1999-09-10,236
1999-09-11,236
1999-09-12,236
1999-09-13,236
1999-09-14,239
1999-09-15,243
1999-09-16,246
1999-09-17,247
1999-09-18,250
1999-09-19,250
1999-09-20,250
1999-09-21,251
1999-09-22,252
1999-09-23,254
1999-09-24,255
1999-09-25,255
1999-09-26,255
1999-09-27,254
1999-09-28,255
1999-09-29,256
1999-09-30,258
1999-10-01,260
1999-10-02,263
1999-10-03,263
1999-10-04,263
1999-10-05,265
1999-10-06,266
1999-10-07,270
1999-10-08,271
1999-10-09,273
1999-10-10,273
1999-10-11,273
1999-10-12,273
1999-10-13,274
1999-10-14,275
1999-10-15,277
1999-10-16,277
1999-10-17,277
1999-10-18,277
1999-10-19,277
1999-10-20,279
1999-10-21,279
1999-10-22,282
1999-10-23,283
1999-10-24,283
1999-10-25,283
1999-10-26,284
1999-10-27,286
1999-10-28,290
1999-10-29,290
1999-10-30,290
1999-10-31,290
1999-11-01,290
1999-11-02,291
1999-11-03,294
1999-11-04,297
1999-11-05,298
1999-11-06,301
1999-11-07,301
1999-11-08,301
1999-11-09,302
1999-11-10,302
1999-11-11,303
1999-11-12,303
1999-11-13,310
1999-11-14,310
1999-11-15,310
1999-11-16,314
1999-11-17,317
1999-11-18,320
1999-11-19,324
1999-11-20,327
1999-11-21,327
1999-11-22,327
1999-11-23,328
1999-11-24,331
1999-11-25,334
1999-11-26,334
1999-11-27,335
1999-11-28,335
1999-11-29,335
1999-11-30,336
1999-12-01,339
1999-12-02,341
1999-12-03,342
1999-12-04,342
1999-12-05,342
1999-12-06,342
1999-12-07,343
1999-12-08,344
1999-12-09,344
1999-12-10,347
1999-12-11,350
1999-12-12,350
1999-12-13,350
1999-12-14,352
1999-12-15,353
1999-12-16,353
1999-12-17,353
1999-12-18,357
1999-12-19,357
1999-12-20,357
1999-12-21,358
1999-12-22,362
1999-12-23,364
1999-12-24,370
1999-12-25,370
1999-12-26,370
1999-12-27,370
1999-12-28,376
1999-12-29,378
1999-12-30,380
1999-12-31,383
2000-01-01,383
2000-01-02,383
2000-01-03,383
2000-01-04,383
2000-01-05,385
2000-01-06,385
2000-01-07,384
2000-01-08,386
2000-01-09,386
2000-01-10,386
2000-01-11,386
2000-01-12,385
2000-01-13,387
2000-01-14,390
2000-01-15,390
2000-01-16,390
2000-01-17,390
2000-01-18,390
2000-01-19,389
2000-01-20,391
2000-01-21,392
2000-01-22,392
2000-01-23,392
2000-01-24,391
2000-01-25,392
2000-01-26,392
2000-01-27,395
2000-01-28,398
2000-01-29,401
2000-01-30,401
2000-01-31,398
2000-02-01,400
2000-02-02,402
2000-02-03,403
2000-02-04,406
2000-02-05,410
2000-02-06,410
2000-02-07,409
2000-02-08,409
2000-02-09,410
2000-02-10,412
2000-02-11,413
2000-02-12,417
2000-02-13,417
2000-02-14,417
2000-02-15,421
2000-02-16,423
2000-02-17,424
2000-02-18,428
2000-02-19,433
2000-02-20,433
2000-02-21,433
2000-02-22,433
2000-02-23,435
2000-02-24,438
2000-02-25,439
2000-02-26,440
2000-02-27,440
2000-02-28,440
2000-02-29,440
2000-03-01,440
2000-03-02,442
2000-03-03,447
2000-03-04,447
2000-03-05,447
2000-03-06,447
2000-03-07,447
2000-03-08,450
2000-03-09,453
2000-03-10,453
2000-03-11,455
2000-03-12,455
2000-03-13,455
2000-03-14,457
2000-03-15,459
2000-03-16,460
2000-03-17,460
2000-03-18,462
2000-03-19,462
2000-03-20,462
2000-03-21,462
2000-03-22,467
2000-03-23,468
2000-03-24,470
2000-03-25,471
2000-03-26,471
2000-03-27,471
2000-03-28,472
2000-03-29,472
2000-03-30,473
2000-03-31,477
2000-04-01,483
2000-04-02,483
2000-04-03,483
2000-04-04,484
2000-04-05,485
2000-04-06,485
2000-04-07,485
2000-04-08,486
2000-04-09,486
2000-04-10,485
2000-04-11,486
2000-04-12,487
2000-04-13,489
2000-04-14,491
2000-04-15,494
2000-04-16,494
2000-04-17,493
2000-04-18,494
2000-04-19,498
2000-04-20,499
2000-04-21,499
2000-04-22,501
2000-04-23,501
2000-04-24,501
2000-04-25,501
2000-04-26,502
2000-04-27,504
2000-04-28,505
2000-04-29,507
2000-04-30,507
2000-05-01,507
2000-05-02,509
2000-05-03,511
2000-05-04,518
2000-05-05,520
2000-05-06,520
2000-05-07,520
2000-05-08,520
2000-05-09,522
2000-05-10,523
2000-05-11,521
2000-05-12,522
2000-05-13,527
2000-05-14,527
2000-05-15,524
2000-05-16,530
2000-05-17,533
2000-05-18,535
2000-05-19,537
2000-05-20,539
2000-05-21,539
2000-05-22,538
2000-05-23,542
2000-05-24,541
2000-05-25,541
2000-05-26,541
2000-05-27,543
2000-05-28,543
2000-05-29,543
2000-05-30,543
2000-05-31,542
2000-06-01,542
2000-06-02,543
2000-06-03,543
2000-06-04,543
2000-06-05,543
2000-06-06,544
2000-06-07,544
2000-06-08,544
2000-06-09,543
2000-06-10,545
2000-06-11,545
2000-06-12,545
2000-06-13,547
2000-06-14,548
2000-06-15,548
2000-06-16,550
2000-06-17,550
2000-06-18,550
2000-06-19,549
2000-06-20,550
2000-06-21,551
2000-06-22,552
2000-06-23,552
2000-06-24,552
2000-06-25,552
2000-06-26,552
2000-06-27,553
2000-06-28,553
2000-06-29,557
2000-06-30,558
2000-07-01,561
2000-07-02,561
2000-07-03,561
2000-07-04,561
2000-07-05,561
2000-07-06,561
2000-07-07,562
2000-07-08,563
2000-07-09,563
2000-07-10,563
2000-07-11,566
2000-07-12,567
2000-07-13,568
2000-07-14,570
2000-07-15,570
2000-07-16,570
2000-07-17,569
2000-07-18,570
2000-07-19,570
2000-07-20,570
2000-07-21,572
2000-07-22,572
2000-07-23,572
2000-07-24,572
2000-07-25,574
2000-07-26,574
2000-07-27,574
2000-07-28,577
2000-07-29,577
2000-07-30,577
2000-07-31,575
2000-08-01,578
2000-08-02,579
2000-08-03,579
2000-08-04,579
2000-08-05,580
2000-08-06,580
2000-08-07,580
2000-08-08,581
2000-08-09,583
2000-08-10,584
2000-08-11,587
2000-08-12,587
2000-08-13,587
2000-08-14,587
2000-08-15,597
2000-08-16,598
2000-08-17,598
2000-08-18,599
2000-08-19,601
2000-08-20,601
2000-08-21,601
2000-08-22,604
2000-08-23,604
2000-08-24,604
2000-08-25,605
2000-08-26,606
2000-08-27,606
2000-08-28,606
2000-08-29,606
2000-08-30,609
2000-08-31,610
2000-09-01,611
2000-09-02,612
2000-09-03,612
2000-09-04,612
2000-09-05,611
2000-09-06,611
2000-09-07,612
2000-09-08,613
2000-09-09,615
2000-09-10,615
2000-09-11,615
2000-09-12,615
2000-09-13,615
2000-09-14,615
2000-09-15,616
2000-09-16,617
2000-09-17,617
2000-09-18,617
2000-09-19,618
2000-09-20,619
2000-09-21,619
2000-09-22,622
2000-09-23,623
2000-09-24,623
2000-09-25,622
2000-09-26,624
2000-09-27,626
2000-09-28,626
2000-09-29,626
2000-09-30,626
2000-10-01,626
2000-10-02,626
2000-10-03,625
2000-10-04,626
2000-10-05,627
2000-10-06,628
2000-10-07,629
2000-10-08,629
2000-10-09,629
2000-10-10,629
2000-10-11,629
2000-10-12,630
2000-10-13,632
2000-10-14,633
2000-10-15,633
2000-10-16,633
2000-10-17,633
2000-10-18,635
2000-10-19,635
2000-10-20,635
2000-10-21,637
2000-10-22,637
2000-10-23,637
2000-10-24,637
2000-10-25,637
2000-10-26,637
2000-10-27,638
2000-10-28,638
2000-10-29,638
2000-10-30,638
2000-10-31,640
2000-11-01,640
2000-11-02,641
2000-11-03,640
2000-11-04,640
2000-11-05,640
2000-11-06,640
2000-11-07,640
2000-11-08,640
2000-11-09,642
2000-11-10,642
2000-11-11,642
2000-11-12,642
2000-11-13,642
2000-11-14,645
2000-11-15,649
2000-11-16,649
2000-11-17,650
2000-11-18,651
2000-11-19,651
2000-11-20,651
2000-11-21,653
2000-11-22,654
2000-11-23,655
2000-11-24,655
2000-11-25,655
2000-11-26,655
2000-11-27,655
2000-11-28,655
2000-11-29,657
2000-11-30,659
2000-12-01,662
2000-12-02,663
2000-12-03,663
2000-12-04,663
2000-12-05,664
2000-12-06,664
2000-12-07,666
2000-12-08,667
2000-12-09,667
2000-12-10,667
2000-12-11,667
2000-12-12,670
2000-12-13,670
2000-12-14,672
2000-12-15,672
2000-12-16,672
2000-12-17,672
2000-12-18,672
2000-12-19,676
2000-12-20,676
2000-12-21,676
2000-12-22,677
2000-12-23,678
2000-12-24,678
2000-12-25,678
2000-12-26,678
2000-12-27,678
2000-12-28,679
2000-12-29,680
2000-12-30,682
2000-12-31,682
2001-01-01,682
2001-01-02,682
2001-01-03,683
2001-01-04,683
2001-01-05,684
2001-01-06,685
2001-01-07,685
2001-01-08,685
2001-01-09,686
2001-01-10,684
2001-01-11,683
2001-01-12,683
2001-01-13,683
2001-01-14,683
2001-01-15,683
2001-01-16,681
2001-01-17,682
2001-01-18,683
2001-01-19,683
2001-01-20,683
2001-01-21,683
2001-01-22,682
2001-01-23,684
2001-01-24,684
2001-01-25,684
2001-01-26,684
2001-01-27,684
2001-01-28,684
2001-01-29,684
2001-01-30,684
2001-01-31,684
2001-02-01,684
2001-02-02,684
2001-02-03,684
2001-02-04,684
2001-02-05,682
2001-02-06,682
2001-02-07,680
2001-02-08,678
2001-02-09,677
2001-02-10,678
2001-02-11,678
2001-02-12,675
2001-02-13,675
2001-02-14,674
2001-02-15,674
2001-02-16,673
2001-02-17,673
2001-02-18,673
2001-02-19,673
2001-02-20,672
2001-02-21,671
2001-02-22,671
2001-02-23,672
2001-02-24,672
2001-02-25,672
2001-02-26,671
2001-02-27,670
2001-02-28,670
2001-03-01,670
2001-03-02,670
2001-03-03,670
2001-03-04,670
2001-03-05,670
2001-03-06,670
2001-03-07,670
2001-03-08,670
2001-03-09,667
2001-03-10,668
2001-03-11,668
2001-03-12,668
2001-03-13,668
2001-03-14,666
2001-03-15,666
2001-03-16,666
2001-03-17,668
2001-03-18,668
2001-03-19,668
2001-03-20,667
2001-03-21,667
2001-03-22,667
2001-03-23,668
2001-03-24,668
2001-03-25,668
2001-03-26,668
2001-03-27,670
2001-03-28,670
2001-03-29,670
2001-03-30,668
2001-03-31,668
2001-04-01,668
2001-04-02,664
2001-04-03,663
2001-04-04,662
2001-04-05,662
2001-04-06,663
2001-04-07,663
2001-04-08,663
2001-04-09,663
2001-04-10,662
2001-04-11,662
2001-04-12,661
2001-04-13,660
2001-04-14,660
2001-04-15,660
2001-04-16,660
2001-04-17,659
2001-04-18,659
2001-04-19,659
2001-04-20,658
2001-04-21,658
2001-04-22,658
2001-04-23,657
2001-04-24,657
2001-04-25,657
2001-04-26,656
2001-04-27,655
2001-04-28,655
2001-04-29,655
2001-04-30,654
2001-05-01,654
2001-05-02,654
2001-05-03,653
2001-05-04,654
2001-05-05,654
2001-05-06,654
2001-05-07,652
2001-05-08,651
2001-05-09,652
2001-05-10,654
2001-05-11,653
2001-05-12,655
2001-05-13,655
2001-05-14,654
2001-05-15,651
2001-05-16,651
2001-05-17,652
2001-05-18,652
2001-05-19,655
2001-05-20,655
2001-05-21,653
2001-05-22,655
2001-05-23,655
2001-05-24,655
2001-05-25,655
2001-05-26,655
2001-05-27,655
2001-05-28,655
2001-05-29,655
2001-05-30,656
2001-05-31,656
2001-06-01,656
2001-06-02,656
2001-06-03,656
2001-06-04,656
2001-06-05,657
2001-06-06,658
2001-06-07,658
2001-06-08,658
2001-06-09,660
2001-06-10,660
2001-06-11,660
2001-06-12,659
2001-06-13,658
2001-06-14,657
2001-06-15,656
2001-06-16,656
2001-06-17,656
2001-06-18,656
2001-06-19,656
2001-06-20,657
2001-06-21,658
2001-06-22,658
2001-06-23,658
2001-06-24,658
2001-06-25,658
2001-06-26,658
2001-06-27,658
2001-06-28,657
2001-06-29,656
2001-06-30,656
2001-07-01,656
2001-07-02,656
2001-07-03,656
2001-07-04,656
2001-07-05,656
2001-07-06,655
2001-07-07,655
2001-07-08,655
2001-07-09,655
2001-07-10,654
2001-07-11,654
2001-07-12,653
2001-07-13,652
2001-07-14,652
2001-07-15,652
2001-07-16,652
2001-07-17,651
2001-07-18,652
2001-07-19,652
2001-07-20,652
2001-07-21,652
2001-07-22,652
2001-07-23,652
2001-07-24,653
2001-07-25,653
2001-07-26,653
2001-07-27,654
2001-07-28,654
2001-07-29,654
2001-07-30,654
2001-07-31,654
2001-08-01,653
2001-08-02,654
2001-08-03,654
2001-08-04,654
2001-08-05,654
2001-08-06,653
2001-08-07,653
2001-08-08,655
2001-08-09,653
2001-08-10,652
2001-08-11,652
2001-08-12,652
2001-08-13,652
2001-08-14,647
2001-08-15,647
2001-08-16,646
2001-08-17,646
2001-08-18,647
2001-08-19,647
2001-08-20,646
2001-08-21,646
2001-08-22,646
2001-08-23,647
2001-08-24,646
2001-08-25,646
2001-08-26,646
2001-08-27,646
2001-08-28,646
2001-08-29,646
2001-08-30,646
2001-08-31,647
2001-09-01,648
2001-09-02,648
2001-09-03,648
2001-09-04,648
2001-09-05,648
2001-09-06,648
2001-09-07,648
2001-09-08,648
2001-09-09,648
2001-09-10,648
2001-09-11,648
2001-09-12,649
2001-09-13,650
2001-09-14,650
2001-09-15,651
2001-09-16,651
2001-09-17,651
2001-09-18,651
2001-09-19,651
2001-09-20,650
2001-09-21,650
2001-09-22,650
2001-09-23,650
2001-09-24,650
2001-09-25,650
2001-09-26,652
2001-09-27,652
2001-09-28,652
2001-09-29,654
2001-09-30,654
2001-10-01,654
2001-10-02,652
2001-10-03,652
2001-10-04,653
2001-10-05,653
2001-10-06,653
2001-10-07,653
2001-10-08,653
2001-10-09,652
2001-10-10,654
2001-10-11,654
2001-10-12,654
2001-10-13,654
2001-10-14,654
2001-10-15,654
2001-10-16,654
2001-10-17,654
2001-10-18,654
2001-10-19,654
2001-10-20,654
2001-10-21,654
2001-10-22,654
2001-10-23,654
2001-10-24,654
2001-10-25,654
2001-10-26,654
2001-10-27,654
2001-10-28,654
2001-10-29,654
2001-10-30,655
2001-10-31,655
2001-11-01,655
2001-11-02,655
2001-11-03,655
2001-11-04,655
2001-11-05,655
2001-11-06,655
2001-11-07,654
2001-11-08,654
2001-11-09,654
2001-11-10,655
2001-11-11,655
2001-11-12,655
2001-11-13,655
2001-11-14,654
2001-11-15,658
2001-11-16,659
2001-11-17,659
2001-11-18,659
2001-11-19,659
2001-11-20,660
2001-11-21,660
2001-11-22,661
2001-11-23,661
2001-11-24,661
2001-11-25,661
2001-11-26,661
2001-11-27,660
2001-11-28,659
2001-11-29,659
2001-11-30,659
2001-12-01,659
2001-12-02,659
2001-12-03,659
2001-12-04,659
2001-12-05,659
2001-12-06,659
2001-12-07,660
2001-12-08,660
2001-12-09,660
2001-12-10,660
2001-12-11,660
2001-12-12,660
2001-12-13,660
2001-12-14,660
2001-12-15,661
2001-12-16,661
2001-12-17,661
2001-12-18,661
2001-12-19,661
2001-12-20,661
2001-12-21,661
2001-12-22,662
2001-12-23,662
2001-12-24,662
2001-12-25,662
2001-12-26,662
2001-12-27,662
2001-12-28,662
2001-12-29,662
2001-12-30,662
2001-12-31,662
2002-01-01,663
2002-01-02,663
2002-01-03,663
2002-01-04,662
2002-01-05,662
2002-01-06,662
2002-01-07,661
2002-01-08,660
2002-01-09,658
2002-01-10,657
2002-01-11,657
2002-01-12,657
2002-01-13,657
2002-01-14,655
2002-01-15,656
2002-01-16,656
2002-01-17,656
2002-01-18,658
2002-01-19,663
2002-01-20,663
2002-01-21,663
2002-01-22,663
2002-01-23,661
2002-01-24,667
2002-01-25,668
2002-01-26,669
2002-01-27,669
2002-01-28,669
2002-01-29,671
2002-01-30,673
2002-01-31,674
2002-02-01,675
2002-02-02,677
2002-02-03,677
2002-02-04,677
2002-02-05,675
2002-02-06,677
2002-02-07,676
2002-02-08,678
2002-02-09,680
2002-02-10,680
2002-02-11,679
2002-02-12,683
2002-02-13,685
2002-02-14,685
2002-02-15,688
2002-02-16,688
2002-02-17,688
2002-02-18,688
2002-02-19,687
2002-02-20,688
2002-02-21,691
2002-02-22,692
2002-02-23,692
2002-02-24,692
2002-02-25,692
2002-02-26,693
2002-02-27,693
2002-02-28,693
2002-03-01,694
2002-03-02,699
2002-03-03,699
2002-03-04,699
2002-03-05,700
2002-03-06,703
2002-03-07,704
2002-03-08,706
2002-03-09,707
2002-03-10,707
2002-03-11,707
2002-03-12,708
2002-03-13,708
2002-03-14,711
2002-03-15,712
2002-03-16,713
2002-03-17,713
2002-03-18,713
2002-03-19,712
2002-03-20,712
2002-03-21,713
2002-03-22,714
2002-03-23,714
2002-03-24,714
2002-03-25,714
2002-03-26,716
2002-03-27,717
2002-03-28,719
2002-03-29,720
2002-03-30,722
2002-03-31,722
2002-04-01,721
2002-04-02,721
2002-04-03,722
2002-04-04,721
2002-04-05,722
2002-04-06,725
2002-04-07,725
2002-04-08,725
2002-04-09,726
2002-04-10,726
2002-04-11,726
2002-04-12,726
2002-04-13,726
2002-04-14,726
2002-04-15,726
2002-04-16,729
2002-04-17,730
2002-04-18,731
2002-04-19,731
2002-04-20,732
2002-04-21,732
2002-04-22,732
2002-04-23,731
2002-04-24,732
2002-04-25,733
2002-04-26,735
2002-04-27,735
2002-04-28,735
2002-04-29,735
2002-04-30,737
2002-05-01,739
2002-05-02,740
2002-05-03,742
2002-05-04,743
2002-05-05,743
2002-05-06,743
2002-05-07,745
2002-05-08,746
2002-05-09,744
2002-05-10,745
2002-05-11,746
2002-05-12,746
2002-05-13,746
2002-05-14,745
2002-05-15,745
2002-05-16,746
2002-05-17,748
2002-05-18,750
2002-05-19,750
2002-05-20,749
2002-05-21,751
2002-05-22,750
2002-05-23,750
2002-05-24,751
2002-05-25,752
2002-05-26,752
2002-05-27,752
2002-05-28,752
2002-05-29,756
2002-05-30,756
2002-05-31,755
2002-06-01,756
2002-06-02,756
2002-06-03,756
2002-06-04,757
2002-06-05,758
2002-06-06,758
2002-06-07,757
2002-06-08,759
2002-06-09,759
2002-06-10,759
2002-06-11,758
2002-06-12,758
2002-06-13,759
2002-06-14,758
2002-06-15,759
2002-06-16,759
2002-06-17,759
2002-06-18,760
2002-06-19,761
2002-06-20,761
2002-06-21,761
2002-06-22,763
2002-06-23,763
2002-06-24,763
2002-06-25,765
2002-06-26,765
2002-06-27,767
2002-06-28,769
2002-06-29,769
2002-06-30,769
2002-07-01,769
2002-07-02,769
2002-07-03,769
2002-07-04,769
2002-07-05,768
2002-07-06,770
2002-07-07,770
2002-07-08,770
2002-07-09,770
2002-07-10,769
2002-07-11,771
2002-07-12,771
2002-07-13,773
2002-07-14,773
2002-07-15,772
2002-07-16,772
2002-07-17,773
2002-07-18,774
2002-07-19,774
2002-07-20,774
2002-07-21,774
2002-07-22,774
2002-07-23,773
2002-07-24,773
2002-07-25,773
2002-07-26,774
2002-07-27,775
2002-07-28,775
2002-07-29,775
2002-07-30,774
2002-07-31,772
2002-08-01,772
2002-08-02,772
2002-08-03,773
2002-08-04,773
2002-08-05,773
2002-08-06,776
2002-08-07,776
2002-08-08,776
2002-08-09,776
2002-08-10,778
2002-08-11,778
2002-08-12,778
2002-08-13,778
2002-08-14,776
2002-08-15,777
2002-08-16,777
2002-08-17,777
2002-08-18,777
2002-08-19,777
2002-08-20,773
2002-08-21,773
2002-08-22,773
2002-08-23,775
2002-08-24,776
2002-08-25,776
2002-08-26,776
2002-08-27,777
2002-08-28,779
2002-08-29,781
2002-08-30,782
2002-08-31,783
2002-09-01,783
2002-09-02,783
2002-09-03,783
2002-09-04,784
2002-09-05,784
2002-09-06,784
2002-09-07,784
2002-09-08,784
2002-09-09,783
2002-09-10,783
2002-09-11,784
2002-09-12,784
2002-09-13,784
2002-09-14,784
2002-09-15,784
2002-09-16,784
2002-09-17,785
2002-09-18,785
2002-09-19,785
2002-09-20,785
2002-09-21,786
2002-09-22,786
2002-09-23,786
2002-09-24,788
2002-09-25,789
2002-09-26,790
2002-09-27,790
2002-09-28,790
2002-09-29,790
2002-09-30,789
2002-10-01,789
2002-10-02,788
2002-10-03,789
2002-10-04,789
2002-10-05,789
2002-10-06,789
2002-10-07,788
2002-10-08,788
2002-10-09,787
2002-10-10,787
2002-10-11,787
2002-10-12,788
2002-10-13,788
2002-10-14,788
2002-10-15,788
2002-10-16,790
2002-10-17,791
2002-10-18,792
2002-10-19,792
2002-10-20,792
2002-10-21,791
2002-10-22,793
2002-10-23,793
2002-10-24,792
2002-10-25,793
2002-10-26,793
2002-10-27,793
2002-10-28,793
2002-10-29,793
2002-10-30,794
2002-10-31,795
2002-11-01,797
2002-11-02,797
2002-11-03,797
2002-11-04,797
2002-11-05,798
2002-11-06,798
2002-11-07,799
2002-11-08,800
2002-11-09,801
2002-11-10,801
2002-11-11,801
2002-11-12,801
2002-11-13,804
2002-11-14,800
2002-11-15,801
2002-11-16,801
2002-11-17,801
2002-11-18,800
2002-11-19,800
2002-11-20,800
2002-11-21,801
2002-11-22,801
2002-11-23,801
2002-11-24,801
2002-11-25,801
2002-11-26,801
2002-11-27,802
2002-11-28,803
2002-11-29,803
2002-11-30,803
2002-12-01,803
2002-12-02,802
2002-12-03,803
2002-12-04,803
2002-12-05,803
2002-12-06,803
2002-12-07,804
2002-12-08,804
2002-12-09,803
2002-12-10,803
2002-12-11,804
2002-12-12,803
2002-12-13,804
2002-12-14,805
2002-12-15,805
2002-12-16,805
2002-12-17,806
2002-12-18,806
2002-12-19,806
2002-12-20,805
2002-12-21,806
2002-12-22,806
2002-12-23,805
2002-12-24,805
2002-12-25,806
2002-12-26,806
2002-12-27,807
2002-12-28,807
2002-12-29,807
2002-12-30,806
2002-12-31,806
2003-01-01,806
2003-01-02,805
2003-01-03,805
2003-01-04,805
2003-01-05,805
2003-01-06,805
2003-01-07,805
2003-01-08,805
2003-01-09,805
2003-01-10,806
2003-01-11,806
2003-01-12,806
2003-01-13,804
2003-01-14,804
2003-01-15,803
2003-01-16,803
2003-01-17,804
2003-01-18,805
2003-01-19,805
2003-01-20,805
2003-01-21,805
2003-01-22,806
2003-01-23,806
2003-01-24,805
2003-01-25,806
2003-01-26,806
2003-01-27,806
2003-01-28,806
2003-01-29,807
2003-01-30,807
2003-01-31,807
2003-02-01,807
2003-02-02,807
2003-02-03,807
2003-02-04,808
2003-02-05,808
2003-02-06,808
2003-02-07,808
2003-02-08,808
2003-02-09,808
2003-02-10,807
2003-02-11,807
2003-02-12,807
2003-02-13,807
2003-02-14,807
2003-02-15,807
2003-02-16,807
2003-02-17,807
2003-02-18,807
2003-02-19,807
2003-02-20,806
2003-02-21,806
2003-02-22,807
2003-02-23,807
2003-02-24,807
2003-02-25,806
2003-02-26,806
2003-02-27,805
2003-02-28,806
2003-03-01,809
2003-03-02,809
2003-03-03,808
2003-03-04,809
2003-03-05,808
2003-03-06,808
2003-03-07,809
2003-03-08,809
2003-03-09,809
2003-03-10,809
2003-03-11,812
2003-03-12,812
2003-03-13,812
2003-03-14,812
2003-03-15,814
2003-03-16,814
2003-03-17,814
2003-03-18,813
2003-03-19,812
2003-03-20,813
2003-03-21,813
2003-03-22,813
2003-03-23,813
2003-03-24,813
2003-03-25,813
2003-03-26,813
2003-03-27,813
2003-03-28,813
2003-03-29,813
2003-03-30,813
2003-03-31,812
2003-04-01,812
2003-04-02,812
2003-04-03,813
2003-04-04,813
2003-04-05,813
2003-04-06,813
2003-04-07,813
2003-04-08,812
2003-04-09,812
2003-04-10,813
2003-04-11,813
2003-04-12,813
2003-04-13,813
2003-04-14,813
2003-04-15,812
2003-04-16,811
2003-04-17,811
2003-04-18,811
2003-04-19,812
2003-04-20,812
2003-04-21,812
2003-04-22,812
2003-04-23,813
2003-04-24,814
2003-04-25,814
2003-04-26,814
2003-04-27,814
2003-04-28,814
2003-04-29,814
2003-04-30,815
2003-05-01,815
2003-05-02,815
2003-05-03,816
2003-05-04,816
2003-05-05,816
2003-05-06,817
2003-05-07,817
2003-05-08,817
2003-05-09,817
2003-05-10,817
2003-05-11,817
2003-05-12,817
2003-05-13,818
2003-05-14,819
2003-05-15,819
2003-05-16,818
2003-05-17,818
2003-05-18,818
2003-05-19,818
2003-05-20,818
2003-05-21,818
2003-05-22,819
2003-05-23,819
2003-05-24,820
2003-05-25,820
2003-05-26,820
2003-05-27,820
2003-05-28,821
2003-05-29,821
2003-05-30,822
2003-05-31,823
2003-06-01,823
2003-06-02,822
2003-06-03,822
2003-06-04,822
2003-06-05,823
2003-06-06,823
2003-06-07,823
2003-06-08,823
2003-06-09,822
2003-06-10,823
2003-06-11,822
2003-06-12,822
2003-06-13,821
2003-06-14,821
2003-06-15,821
2003-06-16,821
2003-06-17,822
2003-06-18,823
2003-06-19,823
2003-06-20,823
2003-06-21,823
2003-06-22,823
2003-06-23,822
2003-06-24,822
2003-06-25,822
2003-06-26,822
2003-06-27,822
2003-06-28,822
2003-06-29,822
2003-06-30,822
2003-07-01,823
2003-07-02,823
2003-07-03,823
2003-07-04,823
2003-07-05,823
2003-07-06,823
2003-07-07,822
2003-07-08,822
2003-07-09,821
2003-07-10,821
2003-07-11,822
2003-07-12,822
2003-07-13,822
2003-07-14,822
2003-07-15,822
2003-07-16,822
2003-07-17,822
2003-07-18,822
2003-07-19,822
2003-07-20,822
2003-07-21,822
2003-07-22,822
2003-07-23,822
2003-07-24,825
2003-07-25,826
2003-07-26,826
2003-07-27,826
2003-07-28,826
2003-07-29,826
2003-07-30,826
2003-07-31,826
2003-08-01,826
2003-08-02,827
2003-08-03,827
2003-08-04,827
2003-08-05,827
2003-08-06,828
2003-08-07,828
2003-08-08,829
2003-08-09,830
2003-08-10,830
2003-08-11,830
2003-08-12,830
2003-08-13,831
2003-08-14,829
2003-08-15,829
2003-08-16,829
2003-08-17,829
2003-08-18,828
2003-08-19,827
2003-08-20,827
2003-08-21,827
2003-08-22,827
2003-08-23,829
2003-08-24,829
2003-08-25,829
2003-08-26,828
2003-08-27,828
2003-08-28,828
2003-08-29,828
2003-08-30,829
2003-08-31,829
2003-09-01,829
2003-09-02,829
2003-09-03,830
2003-09-04,830
2003-09-05,830
2003-09-06,830
2003-09-07,830
2003-09-08,829
2003-09-09,827
2003-09-10,827
2003-09-11,827
2003-09-12,827
2003-09-13,827
2003-09-14,827
2003-09-15,827
2003-09-16,827
2003-09-17,828
2003-09-18,829
2003-09-19,829
2003-09-20,829
2003-09-21,829
2003-09-22,829
2003-09-23,830
2003-09-24,830
2003-09-25,830
2003-09-26,830
2003-09-27,830
2003-09-28,830
2003-09-29,830
2003-09-30,831
2003-10-01,831
2003-10-02,831
2003-10-03,831
2003-10-04,831
2003-10-05,831
2003-10-06,831
2003-10-07,832
2003-10-08,832
2003-10-09,832
2003-10-10,832
2003-10-11,833
2003-10-12,833
2003-10-13,833
2003-10-14,832
2003-10-15,831
2003-10-16,832
2003-10-17,832
2003-10-18,832
2003-10-19,832
2003-10-20,831
2003-10-21,832
2003-10-22,831
2003-10-23,831
2003-10-24,832
2003-10-25,832
2003-10-26,832
2003-10-27,832
2003-10-28,832
2003-10-29,832
2003-10-30,832
2003-10-31,832
2003-11-01,833
2003-11-02,833
2003-11-03,833
2003-11-04,834
2003-11-05,834
2003-11-06,835
2003-11-07,835
2003-11-08,835
2003-11-09,835
2003-11-10,834
2003-11-11,834
2003-11-12,833
2003-11-13,833
2003-11-14,833
2003-11-15,833
2003-11-16,833
2003-11-17,833
2003-11-18,834
2003-11-19,833
2003-11-20,833
2003-11-21,835
2003-11-22,835
2003-11-23,835
2003-11-24,835
2003-11-25,835
2003-11-26,835
2003-11-27,835
2003-11-28,835
2003-11-29,836
2003-11-30,836
2003-12-01,836
2003-12-02,836
2003-12-03,837
2003-12-04,837
2003-12-05,838
2003-12-06,839
2003-12-07,839
2003-12-08,839
2003-12-09,839
2003-12-10,839
2003-12-11,841
2003-12-12,841
2003-12-13,841
2003-12-14,841
2003-12-15,841
2003-12-16,841
2003-12-17,840
2003-12-18,840
2003-12-19,841
2003-12-20,841
2003-12-21,841
2003-12-22,841
2003-12-23,841
2003-12-24,841
2003-12-25,842
2003-12-26,842
2003-12-27,842
2003-12-28,842
2003-12-29,842
2003-12-30,842
2003-12-31,842
2004-01-01,843
2004-01-02,843
2004-01-03,844
2004-01-04,844
2004-01-05,844
2004-01-06,844
2004-01-07,844
2004-01-08,845
2004-01-09,845
2004-01-10,845
2004-01-11,845
2004-01-12,845
2004-01-13,846
2004-01-14,847
2004-01-15,847
2004-01-16,847
2004-01-17,847
2004-01-18,847
2004-01-19,847
2004-01-20,847
2004-01-21,846
2004-01-22,847
2004-01-23,847
2004-01-24,847
2004-01-25,847
2004-01-26,847
2004-01-27,849
2004-01-28,850
2004-01-29,850
2004-01-30,850
2004-01-31,850
2004-02-01,850
2004-02-02,850
2004-02-03,850
2004-02-04,850
2004-02-05,850
2004-02-06,850
2004-02-07,850
2004-02-08,850
2004-02-09,850
2004-02-10,850
2004-02-11,850
2004-02-12,851
2004-02-13,851
2004-02-14,851
2004-02-15,851
2004-02-16,851
2004-02-17,851
2004-02-18,852
2004-02-19,852
2004-02-20,852
2004-02-21,852
2004-02-22,852
2004-02-23,852
2004-02-24,852
2004-02-25,852
2004-02-26,852
2004-02-27,851
2004-02-28,851
2004-02-29,851
2004-03-01,850
2004-03-02,850
2004-03-03,849
2004-03-04,850
2004-03-05,850
2004-03-06,851
2004-03-07,851
2004-03-08,851
2004-03-09,851
2004-03-10,851
2004-03-11,851
2004-03-12,851
2004-03-13,851
2004-03-14,851
2004-03-15,851
2004-03-16,851
2004-03-17,851
2004-03-18,852
2004-03-19,852
2004-03-20,852
2004-03-21,852
2004-03-22,852
2004-03-23,854
2004-03-24,854
2004-03-25,854
2004-03-26,854
2004-03-27,854
2004-03-28,854
2004-03-29,853
2004-03-30,853
2004-03-31,853
2004-04-01,855
2004-04-02,855
2004-04-03,858
2004-04-04,858
2004-04-05,857
2004-04-06,857
2004-04-07,858
2004-04-08,858
2004-04-09,859
2004-04-10,859
2004-04-11,859
2004-04-12,859
2004-04-13,859
2004-04-14,860
2004-04-15,860
2004-04-16,861
2004-04-17,862
2004-04-18,862
2004-04-19,861
2004-04-20,861
2004-04-21,861
2004-04-22,861
2004-04-23,862
2004-04-24,863
2004-04-25,863
2004-04-26,863
2004-04-27,864
2004-04-28,864
2004-04-29,864
2004-04-30,864
2004-05-01,865
2004-05-02,865
2004-05-03,865
2004-05-04,865
2004-05-05,865
2004-05-06,866
2004-05-07,866
2004-05-08,866
2004-05-09,866
2004-05-10,865
2004-05-11,866
2004-05-12,866
2004-05-13,868
2004-05-14,867
2004-05-15,868
2004-05-16,868
2004-05-17,868
2004-05-18,869
2004-05-19,869
2004-05-20,869
2004-05-21,870
2004-05-22,870
2004-05-23,870
2004-05-24,870
2004-05-25,870
2004-05-26,870
2004-05-27,870
2004-05-28,870
2004-05-29,870
2004-05-30,870
2004-05-31,870
2004-06-01,870
2004-06-02,869
2004-06-03,869
2004-06-04,869
2004-06-05,869
2004-06-06,869
2004-06-07,868
2004-06-08,868
2004-06-09,869
2004-06-10,869
2004-06-11,869
2004-06-12,869
2004-06-13,869
2004-06-14,869
2004-06-15,870
2004-06-16,870
2004-06-17,869
2004-06-18,870
2004-06-19,870
2004-06-20,870
2004-06-21,870
2004-06-22,870
2004-06-23,870
2004-06-24,870
2004-06-25,869
2004-06-26,869
2004-06-27,869
2004-06-28,869
2004-06-29,869
2004-06-30,869
2004-07-01,869
2004-07-02,869
2004-07-03,869
2004-07-04,869
2004-07-05,869
2004-07-06,869
2004-07-07,868
2004-07-08,868
2004-07-09,868
2004-07-10,869
2004-07-11,869
2004-07-12,869
2004-07-13,869
2004-07-14,870
2004-07-15,870
2004-07-16,870
2004-07-17,870
2004-07-18,870
2004-07-19,870
2004-07-20,871
2004-07-21,871
2004-07-22,871
2004-07-23,871
2004-07-24,871
2004-07-25,871
2004-07-26,871
2004-07-27,871
2004-07-28,872
2004-07-29,872
2004-07-30,873
2004-07-31,873
2004-08-01,873
2004-08-02,873
2004-08-03,874
2004-08-04,874
2004-08-05,873
2004-08-06,872
2004-08-07,872
2004-08-08,872
2004-08-09,872
2004-08-10,872
2004-08-11,872
2004-08-12,872
2004-08-13,873
2004-08-14,874
2004-08-15,874
2004-08-16,874
2004-08-17,874
2004-08-18,874
2004-08-19,874
2004-08-20,874
2004-08-21,874
2004-08-22,874
2004-08-23,874
2004-08-24,874
2004-08-25,874
2004-08-26,875
2004-08-27,876
2004-08-28,876
2004-08-29,876
2004-08-30,876
2004-08-31,877
2004-09-01,877
2004-09-02,876
2004-09-03,876
2004-09-04,877
2004-09-05,877
2004-09-06,877
2004-09-07,877
2004-09-08,876
2004-09-09,876
2004-09-10,876
2004-09-11,876
2004-09-12,876
2004-09-13,876
2004-09-14,876
2004-09-15,876
2004-09-16,877
2004-09-17,878
2004-09-18,878
2004-09-19,878
2004-09-20,878
2004-09-21,879
2004-09-22,879
2004-09-23,879
2004-09-24,879
2004-09-25,879
2004-09-26,879
2004-09-27,878
2004-09-28,878
2004-09-29,878
2004-09-30,878
2004-10-01,878
2004-10-02,878
2004-10-03,878
2004-10-04,877
2004-10-05,877
2004-10-06,877
2004-10-07,876
2004-10-08,877
2004-10-09,877
2004-10-10,877
2004-10-11,877
2004-10-12,877
2004-10-13,878
2004-10-14,878
2004-10-15,878
2004-10-16,878
2004-10-17,878
2004-10-18,878
2004-10-19,878
2004-10-20,878
2004-10-21,878
2004-10-22,878
2004-10-23,878
2004-10-24,878
2004-10-25,878
2004-10-26,878
2004-10-27,878
2004-10-28,878
2004-10-29,878
2004-10-30,879
2004-10-31,879
2004-11-01,879
2004-11-02,879
2004-11-03,879
2004-11-04,879
2004-11-05,879
2004-11-06,879
2004-11-07,879
2004-11-08,879
2004-11-09,879
2004-11-10,880
2004-11-11,880
2004-11-12,880
2004-11-13,881
2004-11-14,881
2004-11-15,881
2004-11-16,881
2004-11-17,880
2004-11-18,882
2004-11-19,882
2004-11-20,882
2004-11-21,882
2004-11-22,881
2004-11-23,882
2004-11-24,883
2004-11-25,883
2004-11-26,883
2004-11-27,883
2004-11-28,883
2004-11-29,883
2004-11-30,883
2004-12-01,882
2004-12-02,882
2004-12-03,882
2004-12-04,882
2004-12-05,882
2004-12-06,882
2004-12-07,882
2004-12-08,882
2004-12-09,883
2004-12-10,883
2004-12-11,883
2004-12-12,883
2004-12-13,883
2004-12-14,883
2004-12-15,883
2004-12-16,883
2004-12-17,884
2004-12-18,884
2004-12-19,884
2004-12-20,884
2004-12-21,884
2004-12-22,884
2004-12-23,884
2004-12-24,884
2004-12-25,884
2004-12-26,884
2004-12-27,884
2004-12-28,884
2004-12-29,884
2004-12-30,884
2004-12-31,885
2005-01-01,885
2005-01-02,885
2005-01-03,885
2005-01-04,886
2005-01-05,886
2005-01-06,886
2005-01-07,886
2005-01-08,886
2005-01-09,886
2005-01-10,886
2005-01-11,886
2005-01-12,886
2005-01-13,887
2005-01-14,887
2005-01-15,888
2005-01-16,888
2005-01-17,888
2005-01-18,888
2005-01-19,889
2005-01-20,889
2005-01-21,889
2005-01-22,890
2005-01-23,890
2005-01-24,890
2005-01-25,890
2005-01-26,890
2005-01-27,890
2005-01-28,890
2005-01-29,890
2005-01-30,890
2005-01-31,890
2005-02-01,890
2005-02-02,890
2005-02-03,890
2005-02-04,890
2005-02-05,890
2005-02-06,890
2005-02-07,890
2005-02-08,890
2005-02-09,890
2005-02-10,890
2005-02-11,890
2005-02-12,890
2005-02-13,890
2005-02-14,890
2005-02-15,890
2005-02-16,890
2005-02-17,890
2005-02-18,890
2005-02-19,890
2005-02-20,890
2005-02-21,890
2005-02-22,890
2005-02-23,891
2005-02-24,892
2005-02-25,892
2005-02-26,892
2005-02-27,892
2005-02-28,892
2005-03-01,892
2005-03-02,892
2005-03-03,893
2005-03-04,894
2005-03-05,894
2005-03-06,894
2005-03-07,894
2005-03-08,895
2005-03-09,895
2005-03-10,895
2005-03-11,895
2005-03-12,895
2005-03-13,895
2005-03-14,895
2005-03-15,895
2005-03-16,895
2005-03-17,895
2005-03-18,895
2005-03-19,897
2005-03-20,897
2005-03-21,897
2005-03-22,897
2005-03-23,898
2005-03-24,898
2005-03-25,898
2005-03-26,898
2005-03-27,898
2005-03-28,898
2005-03-29,899
2005-03-30,899
2005-03-31,899
2005-04-01,899
2005-04-02,899
2005-04-03,899
2005-04-04,899
2005-04-05,898
2005-04-06,898
2005-04-07,898
2005-04-08,898
2005-04-09,899
2005-04-10,899
2005-04-11,899
2005-04-12,899
2005-04-13,899
2005-04-14,899
2005-04-15,900
2005-04-16,902
2005-04-17,902
2005-04-18,902
2005-04-19,903
2005-04-20,903
2005-04-21,903
2005-04-22,903
2005-04-23,904
2005-04-24,904
2005-04-25,904
2005-04-26,904
2005-04-27,904
2005-04-28,904
2005-04-29,904
2005-04-30,904
2005-05-01,904
2005-05-02,904
2005-05-03,904
2005-05-04,905
2005-05-05,905
2005-05-06,905
2005-05-07,906
2005-05-08,906
2005-05-09,906
2005-05-10,907
2005-05-11,907
2005-05-12,907
2005-05-13,907
2005-05-14,907
2005-05-15,907
2005-05-16,907
2005-05-17,907
2005-05-18,907
2005-05-19,908
2005-05-20,908
2005-05-21,908
2005-05-22,908
2005-05-23,908
2005-05-24,908
2005-05-25,908
2005-05-26,908
2005-05-27,908
2005-05-28,908
2005-05-29,908
2005-05-30,908
2005-05-31,908
2005-06-01,907
2005-06-02,907
2005-06-03,907
2005-06-04,907
2005-06-05,907
2005-06-06,907
2005-06-07,907
2005-06-08,907
2005-06-09,907
2005-06-10,906
2005-06-11,906
2005-06-12,906
2005-06-13,906
2005-06-14,906
2005-06-15,906
2005-06-16,906
2005-06-17,906
2005-06-18,906
2005-06-19,906
2005-06-20,906
2005-06-21,907
2005-06-22,907
2005-06-23,907
2005-06-24,907
2005-06-25,907
2005-06-26,907
2005-06-27,907
2005-06-28,907
2005-06-29,907
2005-06-30,907
2005-07-01,907
2005-07-02,907
2005-07-03,907
2005-07-04,907
2005-07-05,906
2005-07-06,906
2005-07-07,907
2005-07-08,908
2005-07-09,909
2005-07-10,909
2005-07-11,909
2005-07-12,910
2005-07-13,910
2005-07-14,910
2005-07-15,910
2005-07-16,910
2005-07-17,910
2005-07-18,910
2005-07-19,911
2005-07-20,911
2005-07-21,911
2005-07-22,911
2005-07-23,911
2005-07-24,911
2005-07-25,911
2005-07-26,911
2005-07-27,911
2005-07-28,911
2005-07-29,911
2005-07-30,911
2005-07-31,911
2005-08-01,911
2005-08-02,911
2005-08-03,911
2005-08-04,911
2005-08-05,911
2005-08-06,911
2005-08-07,911
2005-08-08,911
2005-08-09,912
2005-08-10,912
2005-08-11,912
2005-08-12,912
2005-08-13,912
2005-08-14,912
2005-08-15,912
2005-08-16,912
2005-08-17,912
2005-08-18,912
2005-08-19,912
2005-08-20,912
2005-08-21,912
2005-08-22,912
2005-08-23,912
2005-08-24,912
2005-08-25,912
2005-08-26,912
2005-08-27,912
2005-08-28,912
2005-08-29,912
2005-08-30,912
2005-08-31,912
2005-09-01,912
2005-09-02,912
2005-09-03,912
2005-09-04,912
2005-09-05,912
2005-09-06,912
2005-09-07,913
2005-09-08,913
2005-09-09,913
2005-09-10,913
2005-09-11,913
2005-09-12,913
2005-09-13,913
2005-09-14,913
2005-09-15,913
2005-09-16,914
2005-09-17,914
2005-09-18,914
2005-09-19,914
2005-09-20,914
2005-09-21,913
2005-09-22,913
2005-09-23,913
2005-09-24,913
2005-09-25,913
2005-09-26,913
2005-09-27,913
2005-09-28,913
2005-09-29,913
2005-09-30,913
2005-10-01,913
2005-10-02,913
2005-10-03,913
2005-10-04,913
2005-10-05,913
2005-10-06,914
2005-10-07,915
2005-10-08,916
2005-10-09,916
2005-10-10,916
2005-10-11,916
2005-10-12,916
2005-10-13,917
2005-10-14,917
2005-10-15,917
2005-10-16,917
2005-10-17,917
2005-10-18,917
2005-10-19,917
2005-10-20,917
2005-10-21,918
2005-10-22,918
2005-10-23,918
2005-10-24,918
2005-10-25,918
2005-10-26,919
2005-10-27,919
2005-10-28,919
2005-10-29,919
2005-10-30,919
2005-10-31,918
2005-11-01,918
2005-11-02,918
2005-11-03,919
2005-11-04,919
2005-11-05,919
2005-11-06,919
2005-11-07,919
2005-11-08,920
2005-11-09,921
2005-11-10,921
2005-11-11,921
2005-11-12,921
2005-11-13,921
2005-11-14,921
2005-11-15,921
2005-11-16,921
2005-11-17,921
2005-11-18,921
2005-11-19,921
2005-11-20,921
2005-11-21,921
2005-11-22,921
2005-11-23,921
2005-11-24,921
2005-11-25,921
2005-11-26,921
2005-11-27,921
2005-11-28,921
2005-11-29,921
2005-11-30,921
2005-12-01,921
2005-12-02,921
2005-12-03,921
2005-12-04,921
2005-12-05,921
2005-12-06,921
2005-12-07,921
2005-12-08,921
2005-12-09,921
2005-12-10,921
2005-12-11,921
2005-12-12,919
2005-12-13,920
2005-12-14,920
2005-12-15,920
2005-12-16,920
2005-12-17,921
2005-12-18,921
2005-12-19,921
2005-12-20,921
2005-12-21,921
2005-12-22,920
2005-12-23,922
2005-12-24,922
2005-12-25,922
2005-12-26,922
2005-12-27,922
2005-12-28,922
2005-12-29,923
2005-12-30,923
2005-12-31,923
2006-01-01,923
2006-01-02,923
2006-01-03,923
2006-01-04,923
2006-01-05,923
2006-01-06,924
2006-01-07,924
2006-01-08,924
2006-01-09,924
2006-01-10,925
2006-01-11,925
2006-01-12,927
2006-01-13,927
2006-01-14,928
2006-01-15,928
2006-01-16,928
2006-01-17,928
2006-01-18,928
2006-01-19,928
2006-01-20,928
2006-01-21,928
2006-01-22,928
2006-01-23,928
2006-01-24,928
2006-01-25,928
2006-01-26,928
2006-01-27,928
2006-01-28,931
2006-01-29,931
2006-01-30,931
2006-01-31,931
2006-02-01,930
2006-02-02,930
2006-02-03,930
2006-02-04,930
2006-02-05,930
2006-02-06,930
2006-02-07,930
2006-02-08,930
2006-02-09,929
2006-02-10,930
2006-02-11,931
2006-02-12,931
2006-02-13,931
2006-02-14,931
2006-02-15,931
2006-02-16,931
2006-02-17,930
2006-02-18,930
2006-02-19,930
2006-02-20,930
2006-02-21,930
2006-02-22,930
2006-02-23,930
2006-02-24,930
2006-02-25,930
2006-02-26,930
2006-02-27,930
2006-02-28,930
2006-03-01,930
2006-03-02,930
2006-03-03,930
2006-03-04,930
2006-03-05,930
2006-03-06,930
2006-03-07,930
2006-03-08,930
2006-03-09,930
2006-03-10,930
2006-03-11,931
2006-03-12,931
2006-03-13,931
2006-03-14,931
2006-03-15,931
2006-03-16,930
2006-03-17,930
2006-03-18,931
2006-03-19,931
2006-03-20,930
2006-03-21,930
2006-03-22,930
2006-03-23,930
2006-03-24,930
2006-03-25,930
2006-03-26,930
2006-03-27,930
2006-03-28,929
2006-03-29,929
2006-03-30,931
2006-03-31,932
2006-04-01,932
2006-04-02,932
2006-04-03,932
2006-04-04,932
2006-04-05,932
2006-04-06,932
2006-04-07,932
2006-04-08,932
2006-04-09,932
2006-04-10,932
2006-04-11,933
2006-04-12,933
2006-04-13,933
2006-04-14,933
2006-04-15,933
2006-04-16,933
2006-04-17,933
2006-04-18,934
2006-04-19,934
2006-04-20,934
2006-04-21,934
2006-04-22,934
2006-04-23,934
2006-04-24,934
2006-04-25,935
2006-04-26,934
2006-04-27,934
2006-04-28,934
2006-04-29,934
2006-04-30,934
2006-05-01,934
2006-05-02,934
2006-05-03,934
2006-05-04,935
2006-05-05,935
2006-05-06,935
2006-05-07,935
2006-05-08,935
2006-05-09,935
2006-05-10,935
2006-05-11,935
2006-05-12,935
2006-05-13,937
2006-05-14,937
2006-05-15,937
2006-05-16,937
2006-05-17,937
2006-05-18,937
2006-05-19,937
2006-05-20,937
2006-05-21,937
2006-05-22,937
2006-05-23,937
2006-05-24,937
2006-05-25,937
2006-05-26,937
2006-05-27,938
2006-05-28,938
2006-05-29,938
2006-05-30,938
2006-05-31,938
2006-06-01,938
2006-06-02,938
2006-06-03,938
2006-06-04,938
2006-06-05,938
2006-06-06,938
2006-06-07,938
2006-06-08,938
2006-06-09,940
2006-06-10,940
2006-06-11,940
2006-06-12,940
2006-06-13,941
2006-06-14,941
2006-06-15,941
2006-06-16,941
2006-06-17,942
2006-06-18,942
2006-06-19,941
2006-06-20,941
2006-06-21,941
2006-06-22,942
2006-06-23,944
2006-06-24,944
2006-06-25,944
2006-06-26,944
2006-06-27,945
2006-06-28,945
2006-06-29,945
2006-06-30,945
2006-07-01,946
2006-07-02,946
2006-07-03,946
2006-07-04,947
2006-07-05,947
2006-07-06,947
2006-07-07,947
2006-07-08,948
2006-07-09,948
2006-07-10,948
2006-07-11,947
2006-07-12,948
2006-07-13,948
2006-07-14,948
2006-07-15,948
2006-07-16,948
2006-07-17,948
2006-07-18,948
2006-07-19,948
2006-07-20,948
2006-07-21,947
2006-07-22,947
2006-07-23,947
2006-07-24,947
2006-07-25,947
2006-07-26,947
2006-07-27,948
2006-07-28,948
2006-07-29,948
2006-07-30,948
2006-07-31,948
2006-08-01,948
2006-08-02,948
2006-08-03,948
2006-08-04,948
2006-08-05,949
2006-08-06,949
2006-08-07,949
2006-08-08,949
2006-08-09,950
2006-08-10,950
2006-08-11,951
2006-08-12,951
2006-08-13,951
2006-08-14,951
2006-08-15,951
2006-08-16,951
2006-08-17,951
2006-08-18,951
2006-08-19,951
2006-08-20,951
2006-08-21,951
2006-08-22,951
2006-08-23,951
2006-08-24,951
2006-08-25,952
2006-08-26,952
2006-08-27,952
2006-08-28,952
2006-08-29,952
2006-08-30,953
2006-08-31,953
2006-09-01,952
2006-09-02,952
2006-09-03,952
2006-09-04,952
2006-09-05,952
2006-09-06,952
2006-09-07,952
2006-09-08,952
2006-09-09,952
2006-09-10,952
2006-09-11,952
2006-09-12,952
2006-09-13,952
2006-09-14,952
2006-09-15,952
2006-09-16,952
2006-09-17,952
2006-09-18,952
2006-09-19,954
2006-09-20,954
2006-09-21,954
2006-09-22,954
2006-09-23,954
2006-09-24,954
2006-09-25,954
2006-09-26,954
2006-09-27,954
2006-09-28,955
2006-09-29,955
2006-09-30,956
2006-10-01,956
2006-10-02,956
2006-10-03,956
2006-10-04,956
2006-10-05,956
2006-10-06,956
2006-10-07,956
2006-10-08,956
2006-10-09,956
2006-10-10,955
2006-10-11,955
2006-10-12,955
2006-10-13,955
2006-10-14,955
2006-10-15,955
2006-10-16,955
2006-10-17,955
2006-10-18,955
2006-10-19,955
2006-10-20,955
2006-10-21,955
2006-10-22,955
2006-10-23,955
2006-10-24,955
2006-10-25,955
2006-10-26,955
2006-10-27,955
2006-10-28,955
2006-10-29,955
2006-10-30,955
2006-10-31,955
2006-11-01,955
2006-11-02,955
2006-11-03,955
2006-11-04,956
2006-11-05,956
2006-11-06,956
2006-11-07,957
2006-11-08,958
2006-11-09,958
2006-11-10,958
2006-11-11,958
2006-11-12,958
2006-11-13,958
2006-11-14,960
2006-11-15,959
2006-11-16,959
2006-11-17,959
2006-11-18,959
2006-11-19,959
2006-11-20,959
2006-11-21,959
2006-11-22,959
2006-11-23,959
2006-11-24,959
2006-11-25,959
2006-11-26,959
2006-11-27,959
2006-11-28,959
2006-11-29,959
2006-11-30,959
2006-12-01,959
2006-12-02,959
2006-12-03,959
2006-12-04,959
2006-12-05,959
2006-12-06,959
2006-12-07,959
2006-12-08,959
2006-12-09,961
2006-12-10,961
2006-12-11,961
2006-12-12,961
2006-12-13,961
2006-12-14,961
2006-12-15,963
2006-12-16,963
2006-12-17,963
2006-12-18,963
2006-12-19,963
2006-12-20,963
2006-12-21,964
2006-12-22,963
2006-12-23,964
2006-12-24,964
2006-12-25,964
2006-12-26,964
2006-12-27,965
2006-12-28,965
2006-12-29,965
2006-12-30,965
2006-12-31,965
2007-01-01,965
2007-01-02,965
2007-01-03,965
2007-01-04,965
2007-01-05,965
2007-01-06,965
2007-01-07,965
2007-01-08,965
2007-01-09,966
2007-01-10,966
2007-01-11,966
2007-01-12,966
2007-01-13,967
2007-01-14,967
2007-01-15,967
2007-01-16,967
2007-01-17,967
2007-01-18,967
2007-01-19,967
2007-01-20,967
2007-01-21,967
2007-01-22,967
2007-01-23,967
2007-01-24,968
2007-01-25,968
2007-01-26,972
2007-01-27,973
2007-01-28,973
2007-01-29,973
2007-01-30,973
2007-01-31,973
2007-02-01,974
2007-02-02,974
2007-02-03,974
2007-02-04,974
2007-02-05,974
2007-02-06,974
2007-02-07,974
2007-02-08,974
2007-02-09,974
2007-02-10,974
2007-02-11,974
2007-02-12,974
2007-02-13,974
2007-02-14,974
2007-02-15,974
2007-02-16,974
2007-02-17,974
2007-02-18,974
2007-02-19,974
2007-02-20,974
2007-02-21,974
2007-02-22,974
2007-02-23,974
2007-02-24,974
2007-02-25,974
2007-02-26,974
2007-02-27,974
2007-02-28,974
2007-03-01,973
2007-03-02,973
2007-03-03,973
2007-03-04,973
2007-03-05,973
2007-03-06,973
2007-03-07,973
2007-03-08,973
2007-03-09,973
2007-03-10,974
2007-03-11,974
2007-03-12,974
2007-03-13,974
2007-03-14,974
2007-03-15,974
2007-03-16,974
2007-03-17,974
2007-03-18,974
2007-03-19,974
2007-03-20,974
2007-03-21,974
2007-03-22,974
2007-03-23,974
2007-03-24,975
2007-03-25,975
2007-03-26,975
2007-03-27,975
2007-03-28,975
2007-03-29,975
2007-03-30,975
2007-03-31,977
2007-04-01,977
2007-04-02,977
2007-04-03,978
2007-04-04,978
2007-04-05,978
2007-04-06,979
2007-04-07,979
2007-04-08,979
2007-04-09,979
2007-04-10,980
2007-04-11,981
2007-04-12,981
2007-04-13,981
2007-04-14,981
2007-04-15,981
2007-04-16,981
2007-04-17,982
2007-04-18,982
2007-04-19,982
2007-04-20,982
2007-04-21,982
2007-04-22,982
2007-04-23,982
2007-04-24,982
2007-04-25,982
2007-04-26,982
2007-04-27,982
2007-04-28,982
2007-04-29,982
2007-04-30,982
2007-05-01,982
2007-05-02,982
2007-05-03,982
2007-05-04,983
2007-05-05,983
2007-05-06,983
2007-05-07,983
2007-05-08,984
2007-05-09,985
2007-05-10,985
2007-05-11,985
2007-05-12,985
2007-05-13,985
2007-05-14,984
2007-05-15,985
2007-05-16,986
2007-05-17,986
2007-05-18,986
2007-05-19,986
2007-05-20,986
2007-05-21,986
2007-05-22,986
2007-05-23,986
2007-05-24,986
2007-05-25,986
2007-05-26,986
2007-05-27,986
2007-05-28,986
2007-05-29,986
2007-05-30,987
2007-05-31,987
2007-06-01,987
2007-06-02,988
2007-06-03,988
2007-06-04,988
2007-06-05,988
2007-06-06,988
2007-06-07,988
2007-06-08,988
2007-06-09,989
2007-06-10,989
2007-06-11,989
2007-06-12,989
2007-06-13,989
2007-06-14,989
2007-06-15,989
2007-06-16,989
2007-06-17,989
2007-06-18,989
2007-06-19,989
2007-06-20,991
2007-06-21,991
2007-06-22,991
2007-06-23,992
2007-06-24,992
2007-06-25,992
2007-06-26,993
2007-06-27,993
2007-06-28,993
2007-06-29,994
2007-06-30,994
2007-07-01,994
2007-07-02,994
2007-07-03,995
2007-07-04,995
2007-07-05,995
2007-07-06,995
2007-07-07,996
2007-07-08,996
2007-07-09,996
2007-07-10,996
2007-07-11,996
2007-07-12,997
2007-07-13,998
2007-07-14,998
2007-07-15,998
2007-07-16,998
2007-07-17,998
2007-07-18,999
2007-07-19,999
2007-07-20,999
2007-07-21,1000
2007-07-22,1000
2007-07-23,1000
2007-07-24,999
2007-07-25,1000
2007-07-26,1000
2007-07-27,1000
2007-07-28,1001
2007-07-29,1001
2007-07-30,1000
2007-07-31,1000
2007-08-01,1001
2007-08-02,1001
2007-08-03,1001
2007-08-04,1001
2007-08-05,1001
2007-08-06,1001
2007-08-07,1001
2007-08-08,1001
2007-08-09,1001
2007-08-10,1001
2007-08-11,1002
2007-08-12,1002
2007-08-13,1002
2007-08-14,1003
2007-08-15,1002
2007-08-16,1002
2007-08-17,1003
2007-08-18,1004
2007-08-19,1004
2007-08-20,1004
2007-08-21,1005
2007-08-22,1005
2007-08-23,1006
2007-08-24,1006
2007-08-25,1006
2007-08-26,1006
2007-08-27,1006
2007-08-28,1006
2007-08-29,1006
2007-08-30,1006
2007-08-31,1006
2007-09-01,1006
2007-09-02,1006
2007-09-03,1006
2007-09-04,1006
2007-09-05,1007
2007-09-06,1007
2007-09-07,1007
2007-09-08,1007
2007-09-09,1007
2007-09-10,1007
2007-09-11,1007
2007-09-12,1009
2007-09-13,1009
2007-09-14,1009
2007-09-15,1009
2007-09-16,1009
2007-09-17,1009
2007-09-18,1009
2007-09-19,1009
2007-09-20,1008
2007-09-21,1008
2007-09-22,1008
2007-09-23,1008
2007-09-24,1008
2007-09-25,1008
2007-09-26,1008
2007-09-27,1009
2007-09-28,1009
2007-09-29,1009
2007-09-30,1009
2007-10-01,1009
2007-10-02,1009
2007-10-03,1009
2007-10-04,1010
2007-10-05,1010
2007-10-06,1010
2007-10-07,1010
2007-10-08,1010
2007-10-09,1010
2007-10-10,1011
2007-10-11,1012
2007-10-12,1012
2007-10-13,1012
2007-10-14,1012
2007-10-15,1012
2007-10-16,1012
2007-10-17,1012
2007-10-18,1012
2007-10-19,1014
2007-10-20,1014
2007-10-21,1014
2007-10-22,1014
2007-10-23,1014
2007-10-24,1015
2007-10-25,1015
2007-10-26,1015
2007-10-27,1015
2007-10-28,1015
2007-10-29,1015
2007-10-30,1015
2007-10-31,1015
2007-11-01,1015
2007-11-02,1015
2007-11-03,1015
2007-11-04,1015
2007-11-05,1015
2007-11-06,1016
2007-11-07,1017
2007-11-08,1017
2007-11-09,1017
2007-11-10,1017
2007-11-11,1017
2007-11-12,1017
2007-11-13,1017
2007-11-14,1017
2007-11-15,1018
2007-11-16,1018
2007-11-17,1018
2007-11-18,1018
2007-11-19,1018
2007-11-20,1018
2007-11-21,1018
2007-11-22,1018
2007-11-23,1018
2007-11-24,1018
2007-11-25,1018
2007-11-26,1018
2007-11-27,1019
2007-11-28,1019
2007-11-29,1019
2007-11-30,1019
2007-12-01,1019
2007-12-02,1019
2007-12-03,1019
2007-12-04,1020
2007-12-05,1020
2007-12-06,1020
2007-12-07,1020
2007-12-08,1020
2007-12-09,1020
2007-12-10,1020
2007-12-11,1020
2007-12-12,1020
2007-12-13,1021
2007-12-14,1021
2007-12-15,1021
2007-12-16,1021
2007-12-17,1021
2007-12-18,1021
2007-12-19,1021
2007-12-20,1021
2007-12-21,1021
2007-12-22,1021
2007-12-23,1021
2007-12-24,1021
2007-12-25,1021
2007-12-26,1021
2007-12-27,1022
2007-12-28,1022
2007-12-29,1022
2007-12-30,1022
2007-12-31,1022
2008-01-01,1022
2008-01-02,1022
2008-01-03,1021
2008-01-04,1022
2008-01-05,1023
2008-01-06,1023
2008-01-07,1023
2008-01-08,1026
2008-01-09,1026
2008-01-10,1026
2008-01-11,1025
2008-01-12,1026
2008-01-13,1026
2008-01-14,1026
2008-01-15,1028
2008-01-16,1028
2008-01-17,1029
2008-01-18,1029
2008-01-19,1029
2008-01-20,1029
2008-01-21,1029
2008-01-22,1029
2008-01-23,1029
2008-01-24,1030
2008-01-25,1030
2008-01-26,1030
2008-01-27,1030
2008-01-28,1030
2008-01-29,1030
2008-01-30,1031
2008-01-31,1031
2008-02-01,1031
2008-02-02,1031
2008-02-03,1031
2008-02-04,1031
2008-02-05,1031
2008-02-06,1032
2008-02-07,1032
2008-02-08,1032
2008-02-09,1033
2008-02-10,1033
2008-02-11,1033
2008-02-12,1035
2008-02-13,1035
2008-02-14,1035
2008-02-15,1035
2008-02-16,1035
2008-02-17,1035
2008-02-18,1035
2008-02-19,1035
2008-02-20,1035
2008-02-21,1035
2008-02-22,1035
2008-02-23,1035
2008-02-24,1035
2008-02-25,1035
2008-02-26,1035
2008-02-27,1035
2008-02-28,1036
2008-02-29,1035
2008-03-01,1035
2008-03-02,1035
2008-03-03,1035
2008-03-04,1036
2008-03-05,1036
2008-03-06,1036
2008-03-07,1036
2008-03-08,1036
2008-03-09,1036
2008-03-10,1035
2008-03-11,1037
2008-03-12,1037
2008-03-13,1036
2008-03-14,1036
2008-03-15,1036
2008-03-16,1036
2008-03-17,1036
2008-03-18,1037
2008-03-19,1037
2008-03-20,1037
2008-03-21,1039
2008-03-22,1039
2008-03-23,1039
2008-03-24,1039
2008-03-25,1040
2008-03-26,1039
2008-03-27,1039
2008-03-28,1039
2008-03-29,1039
2008-03-30,1039
2008-03-31,1039
2008-04-01,1039
2008-04-02,1039
2008-04-03,1040
2008-04-04,1040
2008-04-05,1040
2008-04-06,1040
2008-04-07,1040
2008-04-08,1041
2008-04-09,1041
2008-04-10,1041
2008-04-11,1041
2008-04-12,1042
2008-04-13,1042
2008-04-14,1042
2008-04-15,1043
2008-04-16,1044
2008-04-17,1044
2008-04-18,1044
2008-04-19,1044
2008-04-20,1044
2008-04-21,1044
2008-04-22,1044
2008-04-23,1044
2008-04-24,1044
2008-04-25,1044
2008-04-26,1044
2008-04-27,1044
2008-04-28,1044
2008-04-29,1044
2008-04-30,1044
2008-05-01,1044
2008-05-02,1044
2008-05-03,1045
2008-05-04,1045
2008-05-05,1045
2008-05-06,1045
2008-05-07,1045
2008-05-08,1045
2008-05-09,1045
2008-05-10,1045
2008-05-11,1045
2008-05-12,1045
2008-05-13,1045
2008-05-14,1045
2008-05-15,1045
2008-05-16,1045
2008-05-17,1046
2008-05-18,1046
2008-05-19,1046
2008-05-20,1045
2008-05-21,1044
2008-05-22,1045
2008-05-23,1045
2008-05-24,1045
2008-05-25,1045
2008-05-26,1045
2008-05-27,1045
2008-05-28,1045
2008-05-29,1045
2008-05-30,1046
2008-05-31,1046
2008-06-01,1046
2008-06-02,1045
2008-06-03,1045
2008-06-04,1045
2008-06-05,1045
2008-06-06,1045
2008-06-07,1045
2008-06-08,1045
2008-06-09,1045
2008-06-10,1046
2008-06-11,1046
2008-06-12,1046
2008-06-13,1046
2008-06-14,1046
2008-06-15,1046
2008-06-16,1045
2008-06-17,1044
2008-06-18,1045
2008-06-19,1045
2008-06-20,1045
2008-06-21,1045
2008-06-22,1045
2008-06-23,1045
2008-06-24,1046
2008-06-25,1046
2008-06-26,1047
2008-06-27,1047
2008-06-28,1047
2008-06-29,1047
2008-06-30,1047
2008-07-01,1047
2008-07-02,1047
2008-07-03,1048
2008-07-04,1048
2008-07-05,1048
2008-07-06,1048
2008-07-07,1048
2008-07-08,1049
2008-07-09,1049
2008-07-10,1049
2008-07-11,1050
2008-07-12,1050
2008-07-13,1050
2008-07-14,1050
2008-07-15,1051
2008-07-16,1052
2008-07-17,1052
2008-07-18,1053
2008-07-19,1053
2008-07-20,1053
2008-07-21,1053
2008-07-22,1053
2008-07-23,1053
2008-07-24,1053
2008-07-25,1053
2008-07-26,1053
2008-07-27,1053
2008-07-28,1052
2008-07-29,1053
2008-07-30,1053
2008-07-31,1053
2008-08-01,1052
2008-08-02,1052
2008-08-03,1052
2008-08-04,1051
2008-08-05,1053
2008-08-06,1053
2008-08-07,1053
2008-08-08,1055
2008-08-09,1055
2008-08-10,1055
2008-08-11,1055
2008-08-12,1055
2008-08-13,1055
2008-08-14,1055
2008-08-15,1055
2008-08-16,1056
2008-08-17,1056
2008-08-18,1056
2008-08-19,1056
2008-08-20,1056
2008-08-21,1056
2008-08-22,1056
2008-08-23,1056
2008-08-24,1056
2008-08-25,1056
2008-08-26,1057
2008-08-27,1057
2008-08-28,1058
2008-08-29,1059
2008-08-30,1059
2008-08-31,1059
2008-09-01,1059
2008-09-02,1059
2008-09-03,1059
2008-09-04,1059
2008-09-05,1059
2008-09-06,1060
2008-09-07,1060
2008-09-08,1060
2008-09-09,1060
2008-09-10,1060
2008-09-11,1060
2008-09-12,1060
2008-09-13,1060
2008-09-14,1060
2008-09-15,1060
2008-09-16,1060
2008-09-17,1060
2008-09-18,1060
2008-09-19,1061
2008-09-20,1061
2008-09-21,1061
2008-09-22,1061
2008-09-23,1061
2008-09-24,1062
2008-09-25,1062
2008-09-26,1062
2008-09-27,1062
2008-09-28,1062
2008-09-29,1062
2008-09-30,1062
2008-10-01,1062
2008-10-02,1063
2008-10-03,1064
2008-10-04,1065
2008-10-05,1065
2008-10-06,1065
2008-10-07,1065
2008-10-08,1065
2008-10-09,1065
2008-10-10,1065
2008-10-11,1065
2008-10-12,1065
2008-10-13,1065
2008-10-14,1065
2008-10-15,1066
2008-10-16,1066
2008-10-17,1066
2008-10-18,1066
2008-10-19,1066
2008-10-20,1066
2008-10-21,1066
2008-10-22,1066
2008-10-23,1066
2008-10-24,1066
2008-10-25,1067
2008-10-26,1067
2008-10-27,1067
2008-10-28,1067
2008-10-29,1067
2008-10-30,1067
2008-10-31,1067
2008-11-01,1068
2008-11-02,1068
2008-11-03,1068
2008-11-04,1068
2008-11-05,1068
2008-11-06,1068
2008-11-07,1068
2008-11-08,1068
2008-11-09,1068
2008-11-10,1067
2008-11-11,1067
2008-11-12,1066
2008-11-13,1066
2008-11-14,1067
2008-11-15,1067
2008-11-16,1067
2008-11-17,1067
2008-11-18,1067
2008-11-19,1067
2008-11-20,1069
2008-11-21,1069
2008-11-22,1069
2008-11-23,1069
2008-11-24,1069
2008-11-25,1069
2008-11-26,1070
2008-11-27,1070
2008-11-28,1070
2008-11-29,1070
2008-11-30,1070
2008-12-01,1069
2008-12-02,1070
2008-12-03,1070
2008-12-04,1070
2008-12-05,1070
2008-12-06,1070
2008-12-07,1070
2008-12-08,1070
2008-12-09,1070
2008-12-10,1071
2008-12-11,1071
2008-12-12,1071
2008-12-13,1071
2008-12-14,1071
2008-12-15,1071
2008-12-16,1071
2008-12-17,1071
2008-12-18,1071
2008-12-19,1071
2008-12-20,1071
2008-12-21,1071
2008-12-22,1071
2008-12-23,1071
2008-12-24,1071
2008-12-25,1072
2008-12-26,1072
2008-12-27,1072
2008-12-28,1072
2008-12-29,1072
2008-12-30,1072
2008-12-31,1072
2009-01-01,1072
2009-01-02,1072
2009-01-03,1072
2009-01-04,1072
2009-01-05,1072
2009-01-06,1072
2009-01-07,1072
2009-01-08,1072
2009-01-09,1072
2009-01-10,1072
2009-01-11,1072
2009-01-12,1072
2009-01-13,1072
2009-01-14,1072
2009-01-15,1072
2009-01-16,1072
2009-01-17,1072
2009-01-18,1072
2009-01-19,1072
2009-01-20,1072
2009-01-21,1072
2009-01-22,1072
2009-01-23,1072
2009-01-24,1072
2009-01-25,1072
2009-01-26,1072
2009-01-27,1072
2009-01-28,1072
2009-01-29,1072
2009-01-30,1072
2009-01-31,1072
2009-02-01,1072
2009-02-02,1072
2009-02-03,1072
2009-02-04,1072
2009-02-05,1072
2009-02-06,1072
2009-02-07,1072
2009-02-08,1072
2009-02-09,1072
2009-02-10,1074
2009-02-11,1074
2009-02-12,1074
2009-02-13,1075
2009-02-14,1075
2009-02-15,1075
2009-02-16,1075
2009-02-17,1075
2009-02-18,1075
2009-02-19,1075
2009-02-20,1074
2009-02-21,1074
2009-02-22,1074
2009-02-23,1074
2009-02-24,1074
2009-02-25,1074
2009-02-26,1075
2009-02-27,1075
2009-02-28,1075
2009-03-01,1075
2009-03-02,1075
2009-03-03,1075
2009-03-04,1075
2009-03-05,1075
2009-03-06,1075
2009-03-07,1075
2009-03-08,1075
2009-03-09,1075
2009-03-10,1075
2009-03-11,1075
2009-03-12,1076
2009-03-13,1076
2009-03-14,1076
2009-03-15,1076
2009-03-16,1076
2009-03-17,1077
2009-03-18,1078
2009-03-19,1078
2009-03-20,1078
2009-03-21,1078
2009-03-22,1078
2009-03-23,1078
2009-03-24,1078
2009-03-25,1078
2009-03-26,1080
2009-03-27,1080
2009-03-28,1080
2009-03-29,1080
2009-03-30,1080
2009-03-31,1080
2009-04-01,1080
2009-04-02,1080
2009-04-03,1080
2009-04-04,1081
2009-04-05,1081
2009-04-06,1081
2009-04-07,1081
2009-04-08,1081
2009-04-09,1081
2009-04-10,1081
2009-04-11,1081
2009-04-12,1081
2009-04-13,1081
2009-04-14,1081
2009-04-15,1081
2009-04-16,1081
2009-04-17,1081
2009-04-18,1081
2009-04-19,1081
2009-04-20,1081
2009-04-21,1081
2009-04-22,1081
2009-04-23,1081
2009-04-24,1081
2009-04-25,1081
2009-04-26,1081
2009-04-27,1081
2009-04-28,1082
2009-04-29,1082
2009-04-30,1083
2009-05-01,1084
2009-05-02,1084
2009-05-03,1084
2009-05-04,1084
2009-05-05,1084
2009-05-06,1084
2009-05-07,1084
2009-05-08,1084
2009-05-09,1084
2009-05-10,1084
2009-05-11,1084
2009-05-12,1084
2009-05-13,1083
2009-05-14,1083
2009-05-15,1083
2009-05-16,1083
2009-05-17,1083
2009-05-18,1083
2009-05-19,1083
2009-05-20,1083
2009-05-21,1083
2009-05-22,1084
2009-05-23,1084
2009-05-24,1084
2009-05-25,1084
2009-05-26,1084
2009-05-27,1084
2009-05-28,1085
2009-05-29,1085
2009-05-30,1085
2009-05-31,1085
2009-06-01,1085
2009-06-02,1085
2009-06-03,1087
2009-06-04,1087
2009-06-05,1087
2009-06-06,1087
2009-06-07,1087
2009-06-08,1087
2009-06-09,1088
2009-06-10,1088
2009-06-11,1088
2009-06-12,1088
2009-06-13,1088
2009-06-14,1088
2009-06-15,1088
2009-06-16,1088
2009-06-17,1087
2009-06-18,1088
2009-06-19,1088
2009-06-20,1088
2009-06-21,1088
2009-06-22,1088
2009-06-23,1088
2009-06-24,1088
2009-06-25,1088
2009-06-26,1088
2009-06-27,1089
2009-06-28,1089
2009-06-29,1089
2009-06-30,1089
2009-07-01,1089
2009-07-02,1089
2009-07-03,1089
2009-07-04,1089
2009-07-05,1089
2009-07-06,1089
2009-07-07,1089
2009-07-08,1089
2009-07-09,1089
2009-07-10,1089
2009-07-11,1089
2009-07-12,1089
2009-07-13,1089
2009-07-14,1089
2009-07-15,1089
2009-07-16,1089
2009-07-17,1089
2009-07-18,1089
2009-07-19,1089
2009-07-20,1089
2009-07-21,1089
2009-07-22,1089
2009-07-23,1089
2009-07-24,1089
2009-07-25,1089
2009-07-26,1089
2009-07-27,1089
2009-07-28,1089
2009-07-29,1089
2009-07-30,1089
2009-07-31,1088
2009-08-01,1088
2009-08-02,1088
2009-08-03,1088
2009-08-04,1089
2009-08-05,1089
2009-08-06,1089
2009-08-07,1089
2009-08-08,1089
2009-08-09,1089
2009-08-10,1089
2009-08-11,1089
2009-08-12,1089
2009-08-13,1088
2009-08-14,1088
2009-08-15,1088
2009-08-16,1088
2009-08-17,1088
2009-08-18,1089
2009-08-19,1089
2009-08-20,1089
2009-08-21,1090
2009-08-22,1090
2009-08-23,1090
2009-08-24,1090
2009-08-25,1090
2009-08-26,1090
2009-08-27,1090
2009-08-28,1091
2009-08-29,1091
2009-08-30,1091
2009-08-31,1091
2009-09-01,1091
2009-09-02,1091
2009-09-03,1091
2009-09-04,1091
2009-09-05,1091
2009-09-06,1091
2009-09-07,1091
2009-09-08,1091
2009-09-09,1092
2009-09-10,1092
2009-09-11,1092
2009-09-12,1092
2009-09-13,1092
2009-09-14,1092
2009-09-15,1092
2009-09-16,1092
2009-09-17,1092
2009-09-18,1093
2009-09-19,1093
2009-09-20,1093
2009-09-21,1093
2009-09-22,1093
2009-09-23,1093
2009-09-24,1093
2009-09-25,1094
2009-09-26,1094
2009-09-27,1094
2009-09-28,1094
2009-09-29,1094
2009-09-30,1095
2009-10-01,1095
2009-10-02,1095
2009-10-03,1095
2009-10-04,1095
2009-10-05,1095
2009-10-06,1096
2009-10-07,1097
2009-10-08,1097
2009-10-09,1097
2009-10-10,1097
2009-10-11,1097
2009-10-12,1097
2009-10-13,1097
2009-10-14,1097
2009-10-15,1097
2009-10-16,1097
2009-10-17,1097
2009-10-18,1097
2009-10-19,1097
2009-10-20,1097
2009-10-21,1097
2009-10-22,1097
2009-10-23,1096
2009-10-24,1096
2009-10-25,1096
2009-10-26,1096
2009-10-27,1096
2009-10-28,1096
2009-10-29,1095
2009-10-30,1095
2009-10-31,1095
2009-11-01,1095
2009-11-02,1093
2009-11-03,1093
2009-11-04,1093
2009-11-05,1093
2009-11-06,1094
2009-11-07,1094
2009-11-08,1094
2009-11-09,1094
2009-11-10,1094
2009-11-11,1094
2009-11-12,1094
2009-11-13,1094
2009-11-14,1094
2009-11-15,1094
2009-11-16,1094
2009-11-17,1095
2009-11-18,1096
2009-11-19,1096
2009-11-20,1096
2009-11-21,1097
2009-11-22,1097
2009-11-23,1097
2009-11-24,1097
2009-11-25,1097
2009-11-26,1097
2009-11-27,1097
2009-11-28,1097
2009-11-29,1097
2009-11-30,1097
2009-12-01,1097
2009-12-02,1097
2009-12-03,1097
2009-12-04,1097
2009-12-05,1097
2009-12-06,1097
2009-12-07,1097
2009-12-08,1098
2009-12-09,1098
2009-12-10,1099
2009-12-11,1099
2009-12-12,1099
2009-12-13,1099
2009-12-14,1099
2009-12-15,1099
2009-12-16,1099
2009-12-17,1100
2009-12-18,1100
2009-12-19,1100
2009-12-20,1100
2009-12-21,1099
2009-12-22,1099
2009-12-23,1099
2009-12-24,1099
2009-12-25,1099
2009-12-26,1099
2009-12-27,1099
2009-12-28,1099
2009-12-29,1099
2009-12-30,1099
2009-12-31,1099
2010-01-01,1099
2010-01-02,1099
2010-01-03,1099
2010-01-04,1099
2010-01-05,1099
2010-01-06,1099
2010-01-07,1099
2010-01-08,1100
2010-01-09,1100
2010-01-10,1100
2010-01-11,1100
2010-01-12,1100
2010-01-13,1100
2010-01-14,1101
2010-01-15,1101
2010-01-16,1101
2010-01-17,1101
2010-01-18,1101
2010-01-19,1101
2010-01-20,1101
2010-01-21,1101
2010-01-22,1101
2010-01-23,1101
2010-01-24,1101
2010-01-25,1101
2010-01-26,1101
2010-01-27,1101
2010-01-28,1101
2010-01-29,1101
2010-01-30,1101
2010-01-31,1101
2010-02-01,1101
2010-02-02,1101
2010-02-03,1101
2010-02-04,1101
2010-02-05,1101
2010-02-06,1101
2010-02-07,1101
2010-02-08,1100
2010-02-09,1100
2010-02-10,1100
2010-02-11,1100
2010-02-12,1100
2010-02-13,1101
2010-02-14,1101
2010-02-15,1101
2010-02-16,1101
2010-02-17,1101
2010-02-18,1101
2010-02-19,1101
2010-02-20,1101
2010-02-21,1101
2010-02-22,1101
2010-02-23,1101
2010-02-24,1102
2010-02-25,1102
2010-02-26,1102
2010-02-27,1102
2010-02-28,1102
2010-03-01,1102
2010-03-02,1102
2010-03-03,1103
2010-03-04,1104
2010-03-05,1105
2010-03-06,1105
2010-03-07,1105
2010-03-08,1105
2010-03-09,1105
2010-03-10,1105
2010-03-11,1105
2010-03-12,1105
2010-03-13,1105
2010-03-14,1105
2010-03-15,1105
2010-03-16,1105
2010-03-17,1105
2010-03-18,1105
2010-03-19,1105
2010-03-20,1105
2010-03-21,1105
2010-03-22,1105
2010-03-23,1105
2010-03-24,1105
2010-03-25,1105
2010-03-26,1105
2010-03-27,1105
2010-03-28,1105
2010-03-29,1105
2010-03-30,1105
2010-03-31,1105
2010-04-01,1105
2010-04-02,1105
2010-04-03,1106
2010-04-04,1106
2010-04-05,1106
2010-04-06,1107
2010-04-07,1107
2010-04-08,1108
2010-04-09,1108
2010-04-10,1108
2010-04-11,1108
2010-04-12,1108
2010-04-13,1108
2010-04-14,1108
2010-04-15,1108
2010-04-16,1108
2010-04-17,1108
2010-04-18,1108
2010-04-19,1108
2010-04-20,1108
2010-04-21,1108
2010-04-22,1108
2010-04-23,1108
2010-04-24,1108
2010-04-25,1108
2010-04-26,1108
2010-04-27,1108
2010-04-28,1108
2010-04-29,1108
2010-04-30,1108
2010-05-01,1108
2010-05-02,1108
2010-05-03,1108
2010-05-04,1108
2010-05-05,1108
2010-05-06,1108
2010-05-07,1108
2010-05-08,1109
2010-05-09,1109
2010-05-10,1109
2010-05-11,1109
2010-05-12,1109
2010-05-13,1110
2010-05-14,1111
2010-05-15,1111
2010-05-16,1111
2010-05-17,1111
2010-05-18,1111
2010-05-19,1111
2010-05-20,1111
2010-05-21,1111
2010-05-22,1111
2010-05-23,1111
2010-05-24,1111
2010-05-25,1111
2010-05-26,1111
2010-05-27,1111
2010-05-28,1111
2010-05-29,1111
2010-05-30,1111
2010-05-31,1111
2010-06-01,1111
2010-06-02,1111
2010-06-03,1111
2010-06-04,1111
2010-06-05,1111
2010-06-06,1111
2010-06-07,1111
2010-06-08,1111
2010-06-09,1111
2010-06-10,1111
2010-06-11,1112
2010-06-12,1112
2010-06-13,1112
2010-06-14,1112
2010-06-15,1111
2010-06-16,1111
2010-06-17,1111
2010-06-18,1111
2010-06-19,1111
2010-06-20,1111
2010-06-21,1111
2010-06-22,1111
2010-06-23,1111
2010-06-24,1111
2010-06-25,1112
2010-06-26,1112
2010-06-27,1112
2010-06-28,1112
2010-06-29,1112
2010-06-30,1112
2010-07-01,1113
2010-07-02,1114
2010-07-03,1114
2010-07-04,1114
2010-07-05,1114
2010-07-06,1114
2010-07-07,1114
2010-07-08,1114
2010-07-09,1114
2010-07-10,1114
2010-07-11,1114
2010-07-12,1113
2010-07-13,1113
2010-07-14,1113
2010-07-15,1113
2010-07-16,1113
2010-07-17,1114
2010-07-18,1114
2010-07-19,1114
2010-07-20,1114
2010-07-21,1114
2010-07-22,1114
2010-07-23,1114
2010-07-24,1115
2010-07-25,1115
2010-07-26,1115
2010-07-27,1115
2010-07-28,1115
2010-07-29,1115
2010-07-30,1115
2010-07-31,1115
2010-08-01,1115
2010-08-02,1115
2010-08-03,1115
2010-08-04,1115
2010-08-05,1115
2010-08-06,1115
2010-08-07,1115
2010-08-08,1115
2010-08-09,1115
2010-08-10,1115
2010-08-11,1116
2010-08-12,1116
2010-08-13,1116
2010-08-14,1116
2010-08-15,1116
2010-08-16,1116
2010-08-17,1116
2010-08-18,1117
2010-08-19,1117
2010-08-20,1117
2010-08-21,1117
2010-08-22,1117
2010-08-23,1117
2010-08-24,1117
2010-08-25,1117
2010-08-26,1117
2010-08-27,1117
2010-08-28,1117
2010-08-29,1117
2010-08-30,1117
2010-08-31,1117
2010-09-01,1118
2010-09-02,1118
2010-09-03,1118
2010-09-04,1118
2010-09-05,1118
2010-09-06,1118
2010-09-07,1118
2010-09-08,1118
2010-09-09,1118
2010-09-10,1118
2010-09-11,1118
2010-09-12,1118
2010-09-13,1118
2010-09-14,1118
2010-09-15,1118
2010-09-16,1118
2010-09-17,1118
2010-09-18,1118
2010-09-19,1118
2010-09-20,1118
2010-09-21,1118
2010-09-22,1118
2010-09-23,1119
2010-09-24,1119
2010-09-25,1119
2010-09-26,1119
2010-09-27,1119
2010-09-28,1119
2010-09-29,1119
2010-09-30,1119
2010-10-01,1119
2010-10-02,1119
2010-10-03,1119
2010-10-04,1119
2010-10-05,1119
2010-10-06,1119
2010-10-07,1119
2010-10-08,1121
2010-10-09,1122
2010-10-10,1122
2010-10-11,1122
2010-10-12,1122
2010-10-13,1122
2010-10-14,1122
2010-10-15,1122
2010-10-16,1122
2010-10-17,1122
2010-10-18,1122
2010-10-19,1122
2010-10-20,1122
2010-10-21,1122
2010-10-22,1122
2010-10-23,1122
2010-10-24,1122
2010-10-25,1122
2010-10-26,1122
2010-10-27,1122
2010-10-28,1122
2010-10-29,1123
2010-10-30,1123
2010-10-31,1123
2010-11-01,1123
2010-11-02,1123
2010-11-03,1123
2010-11-04,1123
2010-11-05,1123
2010-11-06,1124
2010-11-07,1124
2010-11-08,1124
2010-11-09,1124
2010-11-10,1123
2010-11-11,1124
2010-11-12,1124
2010-11-13,1124
2010-11-14,1124
2010-11-15,1124
2010-11-16,1125
2010-11-17,1125
2010-11-18,1125
2010-11-19,1125
2010-11-20,1125
2010-11-21,1125
2010-11-22,1125
2010-11-23,1125
2010-11-24,1125
2010-11-25,1125
2010-11-26,1125
2010-11-27,1125
2010-11-28,1125
2010-11-29,1125
2010-11-30,1125
2010-12-01,1125
2010-12-02,1125
2010-12-03,1125
2010-12-04,1126
2010-12-05,1126
2010-12-06,1126
2010-12-07,1126
2010-12-08,1126
2010-12-09,1126
2010-12-10,1126
2010-12-11,1126
2010-12-12,1126
2010-12-13,1126
2010-12-14,1126
2010-12-15,1126
2010-12-16,1126
2010-12-17,1126
2010-12-18,1126
2010-12-19,1126
2010-12-20,1126
2010-12-21,1126
2010-12-22,1126
2010-12-23,1128
2010-12-24,1128
2010-12-25,1128
2010-12-26,1128
2010-12-27,1127
2010-12-28,1127
2010-12-29,1127
2010-12-30,1127
2010-12-31,1127
2011-01-01,1127
2011-01-02,1127
2011-01-03,1127
2011-01-04,1127
2011-01-05,1127
2011-01-06,1127
2011-01-07,1127
2011-01-08,1127
2011-01-09,1127
2011-01-10,1127
2011-01-11,1127
2011-01-12,1127
2011-01-13,1127
2011-01-14,1126
2011-01-15,1126
2011-01-16,1126
2011-01-17,1126
2011-01-18,1126
2011-01-19,1126
2011-01-20,1126
2011-01-21,1126
2011-01-22,1126
2011-01-23,1126
2011-01-24,1126
2011-01-25,1126
2011-01-26,1126
2011-01-27,1126
2011-01-28,1126
2011-01-29,1127
2011-01-30,1127
2011-01-31,1127
2011-02-01,1127
2011-02-02,1127
2011-02-03,1127
2011-02-04,1127
2011-02-05,1127
2011-02-06,1127
2011-02-07,1127
2011-02-08,1127
2011-02-09,1127
2011-02-10,1127
2011-02-11,1127
2011-02-12,1127
2011-02-13,1127
2011-02-14,1127
2011-02-15,1128
2011-02-16,1128
2011-02-17,1128
2011-02-18,1128
2011-02-19,1128
2011-02-20,1128
2011-02-21,1128
2011-02-22,1128
2011-02-23,1130
2011-02-24,1130
2011-02-25,1130
2011-02-26,1130
2011-02-27,1130
2011-02-28,1130
2011-03-01,1130
2011-03-02,1130
2011-03-03,1130
2011-03-04,1131
2011-03-05,1131
2011-03-06,1131
2011-03-07,1131
2011-03-08,1131
2011-03-09,1131
2011-03-10,1131
2011-03-11,1131
2011-03-12,1131
2011-03-13,1131
2011-03-14,1131
2011-03-15,1131
2011-03-16,1132
2011-03-17,1132
2011-03-18,1134
2011-03-19,1134
2011-03-20,1134
2011-03-21,1134
2011-03-22,1134
2011-03-23,1134
2011-03-24,1134
2011-03-25,1135
2011-03-26,1136
2011-03-27,1136
2011-03-28,1136
2011-03-29,1136
2011-03-30,1136
2011-03-31,1136
2011-04-01,1136
2011-04-02,1137
2011-04-03,1137
2011-04-04,1137
2011-04-05,1137
2011-04-06,1138
2011-04-07,1138
2011-04-08,1138
2011-04-09,1138
2011-04-10,1138
2011-04-11,1138
2011-04-12,1138
2011-04-13,1140
2011-04-14,1140
2011-04-15,1140
2011-04-16,1140
2011-04-17,1140
2011-04-18,1140
2011-04-19,1140
2011-04-20,1140
2011-04-21,1141
2011-04-22,1141
2011-04-23,1141
2011-04-24,1141
2011-04-25,1141
2011-04-26,1142
2011-04-27,1142
2011-04-28,1143
2011-04-29,1143
2011-04-30,1143
2011-05-01,1143
2011-05-02,1143
2011-05-03,1143
2011-05-04,1142
2011-05-05,1142
2011-05-06,1142
2011-05-07,1142
2011-05-08,1142
2011-05-09,1142
2011-05-10,1142
2011-05-11,1142
2011-05-12,1142
2011-05-13,1143
2011-05-14,1143
2011-05-15,1143
2011-05-16,1143
2011-05-17,1143
2011-05-18,1143
2011-05-19,1143
2011-05-20,1143
2011-05-21,1143
2011-05-22,1143
2011-05-23,1143
2011-05-24,1143
2011-05-25,1143
2011-05-26,1144
2011-05-27,1144
2011-05-28,1145
2011-05-29,1145
2011-05-30,1145
2011-05-31,1145
2011-06-01,1145
2011-06-02,1145
2011-06-03,1145
2011-06-04,1145
2011-06-05,1145
2011-06-06,1145
2011-06-07,1145
2011-06-08,1145
2011-06-09,1145
2011-06-10,1146
2011-06-11,1148
2011-06-12,1148
2011-06-13,1148
2011-06-14,1149
2011-06-15,1149
2011-06-16,1149
2011-06-17,1148
2011-06-18,1148
2011-06-19,1148
2011-06-20,1148
2011-06-21,1148
2011-06-22,1148
2011-06-23,1148
2011-06-24,1148
2011-06-25,1148
2011-06-26,1148
2011-06-27,1148
2011-06-28,1148
2011-06-29,1148
2011-06-30,1148
2011-07-01,1148
2011-07-02,1148
2011-07-03,1148
2011-07-04,1148
2011-07-05,1148
2011-07-06,1149
2011-07-07,1150
2011-07-08,1150
2011-07-09,1150
2011-07-10,1150
2011-07-11,1150
2011-07-12,1150
2011-07-13,1151
2011-07-14,1151
2011-07-15,1152
2011-07-16,1152
2011-07-17,1152
2011-07-18,1152
2011-07-19,1152
2011-07-20,1152
2011-07-21,1152
2011-07-22,1152
2011-07-23,1152
2011-07-24,1152
2011-07-25,1152
2011-07-26,1152
2011-07-27,1152
2011-07-28,1152
2011-07-29,1152
2011-07-30,1152
2011-07-31,1152
2011-08-01,1152
2011-08-02,1153
2011-08-03,1153
2011-08-04,1153
2011-08-05,1154
2011-08-06,1154
2011-08-07,1154
2011-08-08,1154
2011-08-09,1154
2011-08-10,1154
2011-08-11,1154
2011-08-12,1155
2011-08-13,1155
2011-08-14,1155
2011-08-15,1155
2011-08-16,1155
2011-08-17,1155
2011-08-18,1155
2011-08-19,1155
2011-08-20,1155
2011-08-21,1155
2011-08-22,1155
2011-08-23,1155
2011-08-24,1155
2011-08-25,1155
2011-08-26,1155
2011-08-27,1155
2011-08-28,1155
2011-08-29,1155
2011-08-30,1156
2011-08-31,1156
2011-09-01,1156
2011-09-02,1156
2011-09-03,1156
2011-09-04,1156
2011-09-05,1156
2011-09-06,1156
2011-09-07,1156
2011-09-08,1156
2011-09-09,1156
2011-09-10,1156
2011-09-11,1156
2011-09-12,1156
2011-09-13,1156
2011-09-14,1156
2011-09-15,1157
2011-09-16,1157
2011-09-17,1157
2011-09-18,1157
2011-09-19,1157
2011-09-20,1157
2011-09-21,1157
2011-09-22,1157
2011-09-23,1157
2011-09-24,1158
2011-09-25,1158
2011-09-26,1158
2011-09-27,1158
2011-09-28,1158
2011-09-29,1158
2011-09-30,1158
2011-10-01,1158
2011-10-02,1158
2011-10-03,1158
2011-10-04,1158
2011-10-05,1158
2011-10-06,1158
2011-10-07,1158
2011-10-08,1158
2011-10-09,1158
2011-10-10,1158
2011-10-11,1158
2011-10-12,1159
2011-10-13,1159
2011-10-14,1159
2011-10-15,1159
2011-10-16,1159
2011-10-17,1159
2011-10-18,1158
2011-10-19,1158
2011-10-20,1158
2011-10-21,1158
2011-10-22,1158
2011-10-23,1158
2011-10-24,1158
2011-10-25,1158
2011-10-26,1159
2011-10-27,1159
2011-10-28,1159
2011-10-29,1159
2011-10-30,1159
2011-10-31,1159
2011-11-01,1160
2011-11-02,1160
2011-11-03,1160
2011-11-04,1160
2011-11-05,1160
2011-11-06,1160
2011-11-07,1160
2011-11-08,1160
2011-11-09,1160
2011-11-10,1161
2011-11-11,1161
2011-11-12,1161
2011-11-13,1161
2011-11-14,1160
2011-11-15,1160
2011-11-16,1161
2011-11-17,1161
2011-11-18,1160
2011-11-19,1160
2011-11-20,1160
2011-11-21,1160
2011-11-22,1160
2011-11-23,1160
2011-11-24,1160
2011-11-25,1160
2011-11-26,1160
2011-11-27,1160
2011-11-28,1160
2011-11-29,1160
2011-11-30,1160
2011-12-01,1160
2011-12-02,1160
2011-12-03,1160
2011-12-04,1160
2011-12-05,1160
2011-12-06,1160
2011-12-07,1160
2011-12-08,1160
2011-12-09,1160
2011-12-10,1160
2011-12-11,1160
2011-12-12,1160
2011-12-13,1160
2011-12-14,1160
2011-12-15,1160
2011-12-16,1160
2011-12-17,1160
2011-12-18,1160
2011-12-19,1160
2011-12-20,1160
2011-12-21,1160
2011-12-22,1161
2011-12-23,1163
2011-12-24,1163
2011-12-25,1163
2011-12-26,1163
2011-12-27,1163
2011-12-28,1163
2011-12-29,1163
2011-12-30,1162
2011-12-31,1162
2012-01-01,1162
2012-01-02,1162
2012-01-03,1162
2012-01-04,1162
2012-01-05,1163
2012-01-06,1163
2012-01-07,1163
2012-01-08,1163
2012-01-09,1163
2012-01-10,1164
2012-01-11,1164
2012-01-12,1164
2012-01-13,1164
2012-01-14,1164
2012-01-15,1164
2012-01-16,1164
2012-01-17,1164
2012-01-18,1164
2012-01-19,1164
2012-01-20,1164
2012-01-21,1164
2012-01-22,1164
2012-01-23,1164
2012-01-24,1164
2012-01-25,1164
2012-01-26,1164
2012-01-27,1164
2012-01-28,1164
2012-01-29,1164
2012-01-30,1164
2012-01-31,1164
2012-02-01,1164
2012-02-02,1164
2012-02-03,1164
2012-02-04,1165
2012-02-05,1165
2012-02-06,1165
2012-02-07,1165
2012-02-08,1165
2012-02-09,1164
2012-02-10,1164
2012-02-11,1164
2012-02-12,1164
2012-02-13,1164
2012-02-14,1165
2012-02-15,1165
2012-02-16,1165
2012-02-17,1165
2012-02-18,1166
2012-02-19,1166
2012-02-20,1166
2012-02-21,1166
2012-02-22,1166
2012-02-23,1165
2012-02-24,1165
2012-02-25,1166
2012-02-26,1166
2012-02-27,1166
2012-02-28,1166
2012-02-29,1166
2012-03-01,1166
2012-03-02,1166
2012-03-03,1166
2012-03-04,1166
2012-03-05,1166
2012-03-06,1166
2012-03-07,1166
2012-03-08,1166
2012-03-09,1166
2012-03-10,1166
2012-03-11,1166
2012-03-12,1166
2012-03-13,1166
2012-03-14,1166
2012-03-15,1167
2012-03-16,1167
2012-03-17,1167
2012-03-18,1167
2012-03-19,1167
2012-03-20,1167
2012-03-21,1167
2012-03-22,1167
2012-03-23,1167
2012-03-24,1167
2012-03-25,1167
2012-03-26,1167
2012-03-27,1167
2012-03-28,1167
2012-03-29,1167
2012-03-30,1167
2012-03-31,1168
2012-04-01,1168
2012-04-02,1167
2012-04-03,1168
2012-04-04,1168
2012-04-05,1168
2012-04-06,1168
2012-04-07,1168
2012-04-08,1168
2012-04-09,1168
2012-04-10,1168
2012-04-11,1168
2012-04-12,1168
2012-04-13,1169
2012-04-14,1169
2012-04-15,1169
2012-04-16,1169
2012-04-17,1169
2012-04-18,1169
2012-04-19,1169
2012-04-20,1169
2012-04-21,1170
2012-04-22,1170
2012-04-23,1170
2012-04-24,1170
2012-04-25,1170
2012-04-26,1170
2012-04-27,1170
2012-04-28,1170
2012-04-29,1170
2012-04-30,1170
2012-05-01,1170
2012-05-02,1170
2012-05-03,1170
2012-05-04,1170
2012-05-05,1170
2012-05-06,1170
2012-05-07,1170
2012-05-08,1170
2012-05-09,1170
2012-05-10,1170
2012-05-11,1170
2012-05-12,1172
2012-05-13,1172
2012-05-14,1172
2012-05-15,1172
2012-05-16,1172
2012-05-17,1173
2012-05-18,1172
2012-05-19,1172
2012-05-20,1172
2012-05-21,1172
2012-05-22,1172
2012-05-23,1173
2012-05-24,1173
2012-05-25,1173
2012-05-26,1173
2012-05-27,1173
2012-05-28,1173
2012-05-29,1173
2012-05-30,1173
2012-05-31,1173
2012-06-01,1173
2012-06-02,1173
2012-06-03,1173
2012-06-04,1173
2012-06-05,1173
2012-06-06,1174
2012-06-07,1174
2012-06-08,1174
2012-06-09,1174
2012-06-10,1174
2012-06-11,1174
2012-06-12,1175
2012-06-13,1175
2012-06-14,1177
2012-06-15,1177
2012-06-16,1177
2012-06-17,1177
2012-06-18,1177
2012-06-19,1177
2012-06-20,1177
2012-06-21,1177
2012-06-22,1177
2012-06-23,1177
2012-06-24,1177
2012-06-25,1177
2012-06-26,1177
2012-06-27,1177
2012-06-28,1177
2012-06-29,1177
2012-06-30,1177
2012-07-01,1177
2012-07-02,1177
2012-07-03,1177
2012-07-04,1177
2012-07-05,1177
2012-07-06,1177
2012-07-07,1177
2012-07-08,1177
2012-07-09,1177
2012-07-10,1177
2012-07-11,1177
2012-07-12,1177
2012-07-13,1177
2012-07-14,1177
2012-07-15,1177
2012-07-16,1177
2012-07-17,1177
2012-07-18,1177
2012-07-19,1177
2012-07-20,1177
2012-07-21,1178
2012-07-22,1178
2012-07-23,1178
2012-07-24,1178
2012-07-25,1178
2012-07-26,1178
2012-07-27,1178
2012-07-28,1178
2012-07-29,1178
2012-07-30,1178
2012-07-31,1178
2012-08-01,1178
2012-08-02,1178
2012-08-03,1179
2012-08-04,1179
2012-08-05,1179
2012-08-06,1179
2012-08-07,1179
2012-08-08,1179
2012-08-09,1179
2012-08-10,1179
2012-08-11,1179
2012-08-12,1179
2012-08-13,1179
2012-08-14,1179
2012-08-15,1179
2012-08-16,1179
2012-08-17,1179
2012-08-18,1180
2012-08-19,1180
2012-08-20,1180
2012-08-21,1180
2012-08-22,1179
2012-08-23,1179
2012-08-24,1179
2012-08-25,1179
2012-08-26,1179
2012-08-27,1179
2012-08-28,1179
2012-08-29,1179
2012-08-30,1179
2012-08-31,1178
2012-09-01,1178
2012-09-02,1178
2012-09-03,1178
2012-09-04,1178
2012-09-05,1178
2012-09-06,1178
2012-09-07,1179
2012-09-08,1179
2012-09-09,1179
2012-09-10,1178
2012-09-11,1178
2012-09-12,1178
2012-09-13,1178
2012-09-14,1178
2012-09-15,1178
2012-09-16,1178
2012-09-17,1178
2012-09-18,1178
2012-09-19,1178
2012-09-20,1178
2012-09-21,1178
2012-09-22,1178
2012-09-23,1178
2012-09-24,1178
2012-09-25,1178
2012-09-26,1179
2012-09-27,1180
2012-09-28,1180
2012-09-29,1180
2012-09-30,1180
2012-10-01,1180
2012-10-02,1180
2012-10-03,1180
2012-10-04,1181
2012-10-05,1181
2012-10-06,1181
2012-10-07,1181
2012-10-08,1181
2012-10-09,1181
2012-10-10,1181
2012-10-11,1182
2012-10-12,1182
2012-10-13,1183
2012-10-14,1183
2012-10-15,1183
2012-10-16,1183
2012-10-17,1183
2012-10-18,1183
2012-10-19,1184
2012-10-20,1184
2012-10-21,1184
2012-10-22,1184
2012-10-23,1184
2012-10-24,1184
2012-10-25,1184
2012-10-26,1185
2012-10-27,1185
2012-10-28,1185
2012-10-29,1185
2012-10-30,1185
2012-10-31,1185
2012-11-01,1186
2012-11-02,1186
2012-11-03,1187
2012-11-04,1187
2012-11-05,1187
2012-11-06,1187
2012-11-07,1188
2012-11-08,1188
2012-11-09,1188
2012-11-10,1188
2012-11-11,1188
2012-11-12,1188
2012-11-13,1188
2012-11-14,1188
2012-11-15,1188
2012-11-16,1189
2012-11-17,1189
2012-11-18,1189
2012-11-19,1189
2012-11-20,1191
2012-11-21,1192
2012-11-22,1192
2012-11-23,1192
2012-11-24,1192
2012-11-25,1192
2012-11-26,1192
2012-11-27,1192
2012-11-28,1192
2012-11-29,1193
2012-11-30,1193
2012-12-01,1193
2012-12-02,1193
2012-12-03,1193
2012-12-04,1193
2012-12-05,1193
2012-12-06,1193
2012-12-07,1193
2012-12-08,1193
2012-12-09,1193
2012-12-10,1193
2012-12-11,1193
2012-12-12,1193
2012-12-13,1193
2012-12-14,1193
2012-12-15,1193
2012-12-16,1193
2012-12-17,1193
2012-12-18,1193
2012-12-19,1193
2012-12-20,1193
2012-12-21,1193
2012-12-22,1193
2012-12-23,1193
2012-12-24,1193
2012-12-25,1193
2012-12-26,1193
2012-12-27,1193
2012-12-28,1193
2012-12-29,1193
2012-12-30,1193
2012-12-31,1193
2013-01-01,1193
2013-01-02,1193
2013-01-03,1194
2013-01-04,1194
2013-01-05,1194
2013-01-06,1194
2013-01-07,1194
2013-01-08,1194
2013-01-09,1194
2013-01-10,1194
2013-01-11,1195
2013-01-12,1195
2013-01-13,1195
2013-01-14,1195
2013-01-15,1195
2013-01-16,1196
2013-01-17,1196
2013-01-18,1196
2013-01-19,1196
2013-01-20,1196
2013-01-21,1196
2013-01-22,1196
2013-01-23,1196
2013-01-24,1196
2013-01-25,1196
2013-01-26,1196
2013-01-27,1196
2013-01-28,1196
2013-01-29,1196
2013-01-30,1196
2013-01-31,1196
2013-02-01,1196
2013-02-02,1196
2013-02-03,1196
2013-02-04,1196
2013-02-05,1196
2013-02-06,1197
2013-02-07,1197
2013-02-08,1197
2013-02-09,1197
2013-02-10,1197
2013-02-11,1197
2013-02-12,1198
2013-02-13,1198
2013-02-14,1198
2013-02-15,1198
2013-02-16,1199
2013-02-17,1199
2013-02-18,1199
2013-02-19,1199
2013-02-20,1199
2013-02-21,1199
2013-02-22,1201
2013-02-23,1201
2013-02-24,1201
2013-02-25,1201
2013-02-26,1201
2013-02-27,1201
2013-02-28,1202
2013-03-01,1202
2013-03-02,1203
2013-03-03,1203
2013-03-04,1203
2013-03-05,1203
2013-03-06,1203
2013-03-07,1203
2013-03-08,1203
2013-03-09,1203
2013-03-10,1203
2013-03-11,1203
2013-03-12,1203
2013-03-13,1203
2013-03-14,1203
2013-03-15,1203
2013-03-16,1203
2013-03-17,1203
2013-03-18,1203
2013-03-19,1203
2013-03-20,1203
2013-03-21,1203
2013-03-22,1204
2013-03-23,1205
2013-03-24,1205
2013-03-25,1205
2013-03-26,1205
2013-03-27,1205
2013-03-28,1206
2013-03-29,1206
2013-03-30,1207
2013-03-31,1207
2013-04-01,1206
2013-04-02,1208
2013-04-03,1208
2013-04-04,1208
2013-04-05,1208
2013-04-06,1208
2013-04-07,1208
2013-04-08,1208
2013-04-09,1208
2013-04-10,1208
2013-04-11,1208
2013-04-12,1208
2013-04-13,1209
2013-04-14,1209
2013-04-15,1209
2013-04-16,1209
2013-04-17,1209
2013-04-18,1210
2013-04-19,1210
2013-04-20,1210
2013-04-21,1210
2013-04-22,1210
2013-04-23,1209
2013-04-24,1210
2013-04-25,1210
2013-04-26,1211
2013-04-27,1211
2013-04-28,1211
2013-04-29,1211
2013-04-30,1211
2013-05-01,1211
2013-05-02,1211
2013-05-03,1211
2013-05-04,1216
2013-05-05,1216
2013-05-06,1216
2013-05-07,1216
2013-05-08,1217
2013-05-09,1217
2013-05-10,1217
2013-05-11,1217
2013-05-12,1217
2013-05-13,1217
2013-05-14,1217
2013-05-15,1217
2013-05-16,1217
2013-05-17,1217
2013-05-18,1217
2013-05-19,1217
2013-05-20,1217
2013-05-21,1218
2013-05-22,1218
2013-05-23,1218
2013-05-24,1218
2013-05-25,1218
2013-05-26,1218
2013-05-27,1218
2013-05-28,1218
2013-05-29,1218
2013-05-30,1218
2013-05-31,1218
2013-06-01,1218
2013-06-02,1218
2013-06-03,1217
2013-06-04,1217
2013-06-05,1217
2013-06-06,1217
2013-06-07,1220
2013-06-08,1220
2013-06-09,1220
2013-06-10,1220
2013-06-11,1220
2013-06-12,1220
2013-06-13,1220
2013-06-14,1221
2013-06-15,1221
2013-06-16,1221
2013-06-17,1221
2013-06-18,1221
2013-06-19,1221
2013-06-20,1220
2013-06-21,1220
2013-06-22,1220
2013-06-23,1220
2013-06-24,1220
2013-06-25,1220
2013-06-26,1220
2013-06-27,1220
2013-06-28,1220
2013-06-29,1220
2013-06-30,1220
2013-07-01,1220
2013-07-02,1220
2013-07-03,1220
2013-07-04,1220
2013-07-05,1220
2013-07-06,1220
2013-07-07,1220
2013-07-08,1220
2013-07-09,1220
2013-07-10,1220
2013-07-11,1220
2013-07-12,1221
2013-07-13,1222
2013-07-14,1222
2013-07-15,1222
2013-07-16,1222
2013-07-17,1222
2013-07-18,1223
2013-07-19,1223
2013-07-20,1223
2013-07-21,1223
2013-07-22,1223
2013-07-23,1223
2013-07-24,1223
2013-07-25,1223
2013-07-26,1223
2013-07-27,1223
2013-07-28,1223
2013-07-29,1223
2013-07-30,1223
2013-07-31,1225
2013-08-01,1225
2013-08-02,1225
2013-08-03,1225
2013-08-04,1225
2013-08-05,1225
2013-08-06,1225
2013-08-07,1225
2013-08-08,1225
2013-08-09,1225
2013-08-10,1225
2013-08-11,1225
2013-08-12,1225
2013-08-13,1225
2013-08-14,1225
2013-08-15,1225
2013-08-16,1225
2013-08-17,1225
2013-08-18,1225
2013-08-19,1225
2013-08-20,1225
2013-08-21,1225
2013-08-22,1225
2013-08-23,1225
2013-08-24,1225
2013-08-25,1225
2013-08-26,1225
2013-08-27,1225
2013-08-28,1226
2013-08-29,1226
2013-08-30,1226
2013-08-31,1226
2013-09-01,1226
2013-09-02,1226
2013-09-03,1226
2013-09-04,1227
2013-09-05,1227
2013-09-06,1227
2013-09-07,1227
2013-09-08,1227
2013-09-09,1227
2013-09-10,1227
2013-09-11,1227
2013-09-12,1227
2013-09-13,1228
2013-09-14,1228
2013-09-15,1228
2013-09-16,1227
2013-09-17,1227
2013-09-18,1227
2013-09-19,1228
2013-09-20,1228
2013-09-21,1228
2013-09-22,1228
2013-09-23,1228
2013-09-24,1228
2013-09-25,1228
2013-09-26,1228
2013-09-27,1229
2013-09-28,1229
2013-09-29,1229
2013-09-30,1229
2013-10-01,1230
2013-10-02,1230
2013-10-03,1231
2013-10-04,1231
2013-10-05,1232
2013-10-06,1232
2013-10-07,1232
2013-10-08,1232
2013-10-09,1232
2013-10-10,1232
2013-10-11,1232
2013-10-12,1233
2013-10-13,1233
2013-10-14,1233
2013-10-15,1233
2013-10-16,1233
2013-10-17,1233
2013-10-18,1234
2013-10-19,1234
2013-10-20,1234
2013-10-21,1234
2013-10-22,1234
2013-10-23,1234
2013-10-24,1234
2013-10-25,1234
2013-10-26,1235
2013-10-27,1235
2013-10-28,1235
2013-10-29,1235
2013-10-30,1235
2013-10-31,1235
2013-11-01,1235
2013-11-02,1235
2013-11-03,1235
2013-11-04,1235
2013-11-05,1235
2013-11-06,1236
2013-11-07,1236
2013-11-08,1236
2013-11-09,1236
2013-11-10,1236
2013-11-11,1236
2013-11-12,1236
2013-11-13,1236
2013-11-14,1237
2013-11-15,1237
2013-11-16,1237
2013-11-17,1237
2013-11-18,1237
2013-11-19,1238
2013-11-20,1238
2013-11-21,1238
2013-11-22,1239
2013-11-23,1239
2013-11-24,1239
2013-11-25,1239
2013-11-26,1239
2013-11-27,1239
2013-11-28,1239
2013-11-29,1239
2013-11-30,1239
2013-12-01,1239
2013-12-02,1238
2013-12-03,1238
2013-12-04,1238
2013-12-05,1238
2013-12-06,1239
2013-12-07,1239
2013-12-08,1239
2013-12-09,1239
2013-12-10,1239
2013-12-11,1239
2013-12-12,1239
2013-12-13,1239
2013-12-14,1239
2013-12-15,1239
2013-12-16,1239
2013-12-17,1239
2013-12-18,1239
2013-12-19,1239
2013-12-20,1239
2013-12-21,1239
2013-12-22,1239
2013-12-23,1239
2013-12-24,1239
2013-12-25,1239
2013-12-26,1239
2013-12-27,1239
2013-12-28,1239
2013-12-29,1239
2013-12-30,1239
2013-12-31,1239
2014-01-01,1239
2014-01-02,1239
2014-01-03,1239
2014-01-04,1239
2014-01-05,1239
2014-01-06,1239
2014-01-07,1239
2014-01-08,1239
2014-01-09,1239
2014-01-10,1239
2014-01-11,1239
2014-01-12,1239
2014-01-13,1239
2014-01-14,1240
2014-01-15,1240
2014-01-16,1240
2014-01-17,1240
2014-01-18,1240
2014-01-19,1240
2014-01-20,1240
2014-01-21,1240
2014-01-22,1240
2014-01-23,1241
2014-01-24,1241
2014-01-25,1241
2014-01-26,1241
2014-01-27,1241
2014-01-28,1241
2014-01-29,1241
2014-01-30,1242
2014-01-31,1242
2014-02-01,1242
2014-02-02,1242
2014-02-03,1242
2014-02-04,1242
2014-02-05,1242
2014-02-06,1242
2014-02-07,1241
2014-02-08,1241
2014-02-09,1241
2014-02-10,1241
2014-02-11,1242
2014-02-12,1242
2014-02-13,1242
2014-02-14,1241
2014-02-15,1242
2014-02-16,1242
2014-02-17,1242
2014-02-18,1242
2014-02-19,1242
2014-02-20,1242
2014-02-21,1242
2014-02-22,1242
2014-02-23,1242
2014-02-24,1242
2014-02-25,1243
2014-02-26,1243
2014-02-27,1243
2014-02-28,1243
2014-03-01,1243
2014-03-02,1243
2014-03-03,1243
2014-03-04,1242
2014-03-05,1243
2014-03-06,1244
2014-03-07,1245
2014-03-08,1245
2014-03-09,1245
2014-03-10,1245
2014-03-11,1245
2014-03-12,1245
2014-03-13,1245
2014-03-14,1245
2014-03-15,1245
2014-03-16,1245
2014-03-17,1245
2014-03-18,1245
2014-03-19,1245
2014-03-20,1245
2014-03-21,1245
2014-03-22,1245
2014-03-23,1245
2014-03-24,1245
2014-03-25,1246
2014-03-26,1246
2014-03-27,1246
2014-03-28,1246
2014-03-29,1247
2014-03-30,1247
2014-03-31,1247
2014-04-01,1247
2014-04-02,1247
2014-04-03,1247
2014-04-04,1247
2014-04-05,1247
2014-04-06,1247
2014-04-07,1247
2014-04-08,1247
2014-04-09,1247
2014-04-10,1248
2014-04-11,1248
2014-04-12,1248
2014-04-13,1248
2014-04-14,1248
2014-04-15,1248
2014-04-16,1248
2014-04-17,1248
2014-04-18,1248
2014-04-19,1249
2014-04-20,1249
2014-04-21,1249
2014-04-22,1249
2014-04-23,1249
2014-04-24,1249
2014-04-25,1250
2014-04-26,1250
2014-04-27,1250
2014-04-28,1250
2014-04-29,1250
2014-04-30,1250
2014-05-01,1250
2014-05-02,1250
2014-05-03,1250
2014-05-04,1250
2014-05-05,1250
2014-05-06,1250
2014-05-07,1251
2014-05-08,1251
2014-05-09,1252
2014-05-10,1253
2014-05-11,1253
2014-05-12,1253
2014-05-13,1253
2014-05-14,1253
2014-05-15,1253
2014-05-16,1253
2014-05-17,1253
2014-05-18,1253
2014-05-19,1253
2014-05-20,1253
2014-05-21,1253
2014-05-22,1253
2014-05-23,1253
2014-05-24,1253
2014-05-25,1253
2014-05-26,1253
2014-05-27,1253
2014-05-28,1253
2014-05-29,1253
2014-05-30,1252
2014-05-31,1252
2014-06-01,1252
2014-06-02,1252
2014-06-03,1252
2014-06-04,1252
2014-06-05,1252
2014-06-06,1252
2014-06-07,1252
2014-06-08,1252
2014-06-09,1252
2014-06-10,1252
2014-06-11,1252
2014-06-12,1252
2014-06-13,1252
2014-06-14,1252
2014-06-15,1252
2014-06-16,1252
2014-06-17,1252
2014-06-18,1252
2014-06-19,1252
2014-06-20,1252
2014-06-21,1252
2014-06-22,1252
2014-06-23,1252
2014-06-24,1252
2014-06-25,1252
2014-06-26,1252
2014-06-27,1252
2014-06-28,1252
2014-06-29,1252
2014-06-30,1252
2014-07-01,1252
2014-07-02,1252
2014-07-03,1252
2014-07-04,1252
2014-07-05,1252
2014-07-06,1252
2014-07-07,1252
2014-07-08,1252
2014-07-09,1252
2014-07-10,1252
2014-07-11,1252
2014-07-12,1252
2014-07-13,1252
2014-07-14,1252
2014-07-15,1252
2014-07-16,1252
2014-07-17,1253
2014-07-18,1254
2014-07-19,1254
2014-07-20,1254
2014-07-21,1254
2014-07-22,1255
2014-07-23,1255
2014-07-24,1256
2014-07-25,1256
2014-07-26,1256
2014-07-27,1256
2014-07-28,1256
2014-07-29,1256
2014-07-30,1256
2014-07-31,1256
2014-08-01,1256
2014-08-02,1256
2014-08-03,1256
2014-08-04,1256
2014-08-05,1258
2014-08-06,1258
2014-08-07,1258
2014-08-08,1258
2014-08-09,1258
2014-08-10,1258
2014-08-11,1258
2014-08-12,1258
2014-08-13,1258
2014-08-14,1258
2014-08-15,1258
2014-08-16,1258
2014-08-17,1258
2014-08-18,1258
2014-08-19,1258
2014-08-20,1258
2014-08-21,1258
2014-08-22,1259
2014-08-23,1259
2014-08-24,1259
2014-08-25,1259
2014-08-26,1259
2014-08-27,1259
2014-08-28,1259
2014-08-29,1259
2014-08-30,1259
2014-08-31,1259
2014-09-01,1259
2014-09-02,1259
2014-09-03,1259
2014-09-04,1259
2014-09-05,1259
2014-09-06,1259
2014-09-07,1259
2014-09-08,1259
2014-09-09,1260
2014-09-10,1260
2014-09-11,1260
2014-09-12,1260
2014-09-13,1260
2014-09-14,1260
2014-09-15,1260
2014-09-16,1260
2014-09-17,1260
2014-09-18,1260
2014-09-19,1260
2014-09-20,1260
2014-09-21,1260
2014-09-22,1260
2014-09-23,1260
2014-09-24,1260
2014-09-25,1260
2014-09-26,1259
2014-09-27,1260
2014-09-28,1260
2014-09-29,1260
2014-09-30,1260
2014-10-01,1260
2014-10-02,1260
2014-10-03,1260
2014-10-04,1260
2014-10-05,1260
2014-10-06,1260
2014-10-07,1260
2014-10-08,1260
2014-10-09,1261
2014-10-10,1261
2014-10-11,1261
2014-10-12,1261
2014-10-13,1261
2014-10-14,1261
2014-10-15,1261
2014-10-16,1261
2014-10-17,1261
2014-10-18,1261
2014-10-19,1261
2014-10-20,1261
2014-10-21,1261
2014-10-22,1262
2014-10-23,1262
2014-10-24,1262
2014-10-25,1262
2014-10-26,1262
2014-10-27,1262
2014-10-28,1262
2014-10-29,1262
2014-10-30,1262
2014-10-31,1262
2014-11-01,1262
2014-11-02,1262
2014-11-03,1262
2014-11-04,1262
2014-11-05,1264
2014-11-06,1264
2014-11-07,1263
2014-11-08,1263
2014-11-09,1263
2014-11-10,1263
2014-11-11,1263
2014-11-12,1263
2014-11-13,1263
2014-11-14,1263
2014-11-15,1264
2014-11-16,1264
2014-11-17,1264
2014-11-18,1264
2014-11-19,1264
2014-11-20,1264
2014-11-21,1264
2014-11-22,1264
2014-11-23,1264
2014-11-24,1264
2014-11-25,1265
2014-11-26,1265
2014-11-27,1265
2014-11-28,1265
2014-11-29,1265
2014-11-30,1265
2014-12-01,1265
2014-12-02,1265
2014-12-03,1265
2014-12-04,1265
2014-12-05,1265
2014-12-06,1265
2014-12-07,1265
2014-12-08,1265
2014-12-09,1265
2014-12-10,1265
2014-12-11,1265
2014-12-12,1265
2014-12-13,1265
2014-12-14,1265
2014-12-15,1265
2014-12-16,1265
2014-12-17,1265
2014-12-18,1264
2014-12-19,1264
2014-12-20,1264
2014-12-21,1264
2014-12-22,1264
2014-12-23,1264
2014-12-24,1264
2014-12-25,1264
2014-12-26,1264
2014-12-27,1264
2014-12-28,1264
2014-12-29,1264
2014-12-30,1264
2014-12-31,1264
2015-01-01,1264
2015-01-02,1264
2015-01-03,1264
2015-01-04,1264
2015-01-05,1264
2015-01-06,1264
2015-01-07,1264
2015-01-08,1264
2015-01-09,1264
2015-01-10,1264
2015-01-11,1264
2015-01-12,1264
2015-01-13,1264
2015-01-14,1264
2015-01-15,1264
2015-01-16,1264
2015-01-17,1265
2015-01-18,1265
2015-01-19,1265
2015-01-20,1265
2015-01-21,1265
2015-01-22,1265
2015-01-23,1265
2015-01-24,1265
2015-01-25,1265
2015-01-26,1265
2015-01-27,1264
2015-01-28,1264
2015-01-29,1265
2015-01-30,1265
2015-01-31,1265
2015-02-01,1265
2015-02-02,1265
2015-02-03,1265
2015-02-04,1265
2015-02-05,1265
2015-02-06,1265
2015-02-07,1266
2015-02-08,1266
2015-02-09,1266
2015-02-10,1266
2015-02-11,1266
2015-02-12,1267
2015-02-13,1267
2015-02-14,1267
2015-02-15,1267
2015-02-16,1267
2015-02-17,1267
2015-02-18,1267
2015-02-19,1267
2015-02-20,1268
2015-02-21,1268
2015-02-22,1268
2015-02-23,1268
2015-02-24,1268
2015-02-25,1268
2015-02-26,1269
2015-02-27,1269
2015-02-28,1269
2015-03-01,1269
2015-03-02,1269
2015-03-03,1269
2015-03-04,1269
2015-03-05,1269
2015-03-06,1269
2015-03-07,1269
2015-03-08,1269
2015-03-09,1269
2015-03-10,1269
2015-03-11,1269
2015-03-12,1269
2015-03-13,1269
2015-03-14,1269
2015-03-15,1269
2015-03-16,1269
2015-03-17,1270
2015-03-18,1270
2015-03-19,1271
2015-03-20,1271
2015-03-21,1271
2015-03-22,1271
2015-03-23,1271
2015-03-24,1271
2015-03-25,1271
2015-03-26,1271
2015-03-27,1271
2015-03-28,1272
2015-03-29,1272
2015-03-30,1272
2015-03-31,1272
2015-04-01,1272
2015-04-02,1272
2015-04-03,1272
2015-04-04,1272
2015-04-05,1272
2015-04-06,1272
2015-04-07,1272
2015-04-08,1272
2015-04-09,1272
2015-04-10,1272
2015-04-11,1272
2015-04-12,1272
2015-04-13,1272
2015-04-14,1272
2015-04-15,1272
2015-04-16,1272
2015-04-17,1272
2015-04-18,1273
2015-04-19,1273
2015-04-20,1273
2015-04-21,1273
2015-04-22,1273
2015-04-23,1273
2015-04-24,1273
2015-04-25,1273
2015-04-26,1273
2015-04-27,1273
2015-04-28,1273
2015-04-29,1273
2015-04-30,1275
2015-05-01,1275
2015-05-02,1275
2015-05-03,1275
2015-05-04,1275
2015-05-05,1275
2015-05-06,1275
2015-05-07,1275
2015-05-08,1275
2015-05-09,1275
2015-05-10,1275
2015-05-11,1275
2015-05-12,1275
2015-05-13,1276
2015-05-14,1276
2015-05-15,1276
2015-05-16,1276
2015-05-17,1276
2015-05-18,1276
2015-05-19,1276
2015-05-20,1276
2015-05-21,1276
2015-05-22,1277
2015-05-23,1277
2015-05-24,1277
2015-05-25,1277
2015-05-26,1277
2015-05-27,1277
2015-05-28,1277
2015-05-29,1277
2015-05-30,1277
2015-05-31,1277
2015-06-01,1277
2015-06-02,1277
2015-06-03,1277
2015-06-04,1277
2015-06-05,1277
2015-06-06,1277
2015-06-07,1277
2015-06-08,1277
2015-06-09,1277
2015-06-10,1277
2015-06-11,1277
2015-06-12,1277
2015-06-13,1277
2015-06-14,1277
2015-06-15,1277
2015-06-16,1277
2015-06-17,1278
2015-06-18,1278
2015-06-19,1278
2015-06-20,1278
2015-06-21,1278
2015-06-22,1278
2015-06-23,1278
2015-06-24,1278
2015-06-25,1278
2015-06-26,1278
2015-06-27,1278
2015-06-28,1278
2015-06-29,1278
2015-06-30,1278
2015-07-01,1278
2015-07-02,1278
2015-07-03,1278
2015-07-04,1278
2015-07-05,1278
2015-07-06,1278
2015-07-07,1278
2015-07-08,1278
2015-07-09,1278
2015-07-10,1278
2015-07-11,1278
2015-07-12,1278
2015-07-13,1278
2015-07-14,1278
2015-07-15,1278
2015-07-16,1278
2015-07-17,1278
2015-07-18,1278
2015-07-19,1278
2015-07-20,1278
2015-07-21,1278
2015-07-22,1278
2015-07-23,1278
2015-07-24,1279
2015-07-25,1279
2015-07-26,1279
2015-07-27,1279
2015-07-28,1279
2015-07-29,1279
2015-07-30,1279
2015-07-31,1279
2015-08-01,1279
2015-08-02,1279
2015-08-03,1279
2015-08-04,1279
2015-08-05,1279
2015-08-06,1279
2015-08-07,1279
2015-08-08,1279
2015-08-09,1279
2015-08-10,1279
2015-08-11,1279
2015-08-12,1279
2015-08-13,1279
2015-08-14,1279
2015-08-15,1279
2015-08-16,1279
2015-08-17,1279
2015-08-18,1279
2015-08-19,1279
2015-08-20,1279
2015-08-21,1279
2015-08-22,1279
2015-08-23,1279
2015-08-24,1279
2015-08-25,1279
2015-08-26,1279
2015-08-27,1279
2015-08-28,1279
2015-08-29,1279
2015-08-30,1279
2015-08-31,1279
2015-09-01,1279
2015-09-02,1279
2015-09-03,1279
2015-09-04,1280
2015-09-05,1280
2015-09-06,1280
2015-09-07,1280
2015-09-08,1280
2015-09-09,1280
2015-09-10,1280
2015-09-11,1280
2015-09-12,1280
2015-09-13,1280
2015-09-14,1280
2015-09-15,1280
2015-09-16,1280
2015-09-17,1280
2015-09-18,1280
2015-09-19,1280
2015-09-20,1280
2015-09-21,1280
2015-09-22,1280
2015-09-23,1280
2015-09-24,1280
2015-09-25,1280
2015-09-26,1280
2015-09-27,1280
2015-09-28,1280
2015-09-29,1280
2015-09-30,1280
2015-10-01,1280
2015-10-02,1280
2015-10-03,1280
2015-10-04,1280
2015-10-05,1280
2015-10-06,1280
2015-10-07,1280
2015-10-08,1280
2015-10-09,1280
2015-10-10,1280
2015-10-11,1280
2015-10-12,1280
2015-10-13,1280
2015-10-14,1280
2015-10-15,1280
2015-10-16,1280
2015-10-17,1280
2015-10-18,1280
2015-10-19,1280
2015-10-20,1280
2015-10-21,1280
2015-10-22,1279
2015-10-23,1280
2015-10-24,1280
2015-10-25,1280
2015-10-26,1280
2015-10-27,1280
2015-10-28,1280
2015-10-29,1280
2015-10-30,1280
2015-10-31,1280
2015-11-01,1280
2015-11-02,1280
2015-11-03,1280
2015-11-04,1280
2015-11-05,1280
2015-11-06,1280
2015-11-07,1280
2015-11-08,1280
2015-11-09,1280
2015-11-10,1280
2015-11-11,1281
2015-11-12,1281
2015-11-13,1281
2015-11-14,1282
2015-11-15,1282
2015-11-16,1282
2015-11-17,1282
2015-11-18,1282
2015-11-19,1282
2015-11-20,1282
2015-11-21,1282
2015-11-22,1282
2015-11-23,1282
2015-11-24,1282
2015-11-25,1282
2015-11-26,1282
2015-11-27,1282
2015-11-28,1282
2015-11-29,1282
2015-11-30,1282
2015-12-01,1282
2015-12-02,1282
2015-12-03,1282
2015-12-04,1282
2015-12-05,1282
2015-12-06,1282
2015-12-07,1282
2015-12-08,1282
2015-12-09,1283
2015-12-10,1283
2015-12-11,1283
2015-12-12,1283
2015-12-13,1283
2015-12-14,1283
2015-12-15,1284
2015-12-16,1284
2015-12-17,1284
2015-12-18,1284
2015-12-19,1284
2015-12-20,1284
2015-12-21,1284
2015-12-22,1284
2015-12-23,1284
2015-12-24,1284
2015-12-25,1284
2015-12-26,1284
2015-12-27,1284
2015-12-28,1284
2015-12-29,1284
2015-12-30,1284
2015-12-31,1284
2016-01-01,1284
2016-01-02,1284
2016-01-03,1284
2016-01-04,1284
2016-01-05,1285
2016-01-06,1284
2016-01-07,1284
2016-01-08,1284
2016-01-09,1284
2016-01-10,1284
2016-01-11,1284
2016-01-12,1284
2016-01-13,1284
2016-01-14,1285
2016-01-15,1285
2016-01-16,1285
2016-01-17,1285
2016-01-18,1285
2016-01-19,1285
2016-01-20,1287
2016-01-21,1287
2016-01-22,1287
2016-01-23,1288
2016-01-24,1288
2016-01-25,1288
2016-01-26,1288
2016-01-27,1288
2016-01-28,1288
2016-01-29,1288
2016-01-30,1288
2016-01-31,1288
2016-02-01,1288
2016-02-02,1288
2016-02-03,1288
2016-02-04,1288
2016-02-05,1288
2016-02-06,1288
2016-02-07,1288
2016-02-08,1288
2016-02-09,1288
2016-02-10,1288
2016-02-11,1288
2016-02-12,1288
2016-02-13,1288
2016-02-14,1288
2016-02-15,1288
2016-02-16,1288
2016-02-17,1288
2016-02-18,1289
2016-02-19,1289
2016-02-20,1289
2016-02-21,1289
2016-02-22,1289
2016-02-23,1289
2016-02-24,1289
2016-02-25,1289
2016-02-26,1289
2016-02-27,1289
2016-02-28,1289
2016-02-29,1289
2016-03-01,1290
2016-03-02,1290
2016-03-03,1290
2016-03-04,1290
2016-03-05,1290
2016-03-06,1290
2016-03-07,1290
2016-03-08,1290
2016-03-09,1290
2016-03-10,1290
2016-03-11,1290
2016-03-12,1290
2016-03-13,1290
2016-03-14,1290
2016-03-15,1290
2016-03-16,1291
2016-03-17,1291
2016-03-18,1292
2016-03-19,1293
2016-03-20,1293
2016-03-21,1293
2016-03-22,1293
2016-03-23,1294
2016-03-24,1294
2016-03-25,1294
2016-03-26,1294
2016-03-27,1294
2016-03-28,1294
2016-03-29,1294
2016-03-30,1294
2016-03-31,1295
2016-04-01,1295
2016-04-02,1295
2016-04-03,1295
2016-04-04,1295
2016-04-05,1294
2016-04-06,1295
2016-04-07,1295
2016-04-08,1295
2016-04-09,1295
2016-04-10,1295
2016-04-11,1295
2016-04-12,1295
2016-04-13,1295
2016-04-14,1295
2016-04-15,1295
2016-04-16,1295
2016-04-17,1295
2016-04-18,1295
2016-04-19,1295
2016-04-20,1295
2016-04-21,1295
2016-04-22,1295
2016-04-23,1295
2016-04-24,1295
2016-04-25,1295
2016-04-26,1295
2016-04-27,1295
2016-04-28,1295
2016-04-29,1295
2016-04-30,1295
2016-05-01,1295
2016-05-02,1295
2016-05-03,1295
2016-05-04,1295
2016-05-05,1295
2016-05-06,1295
2016-05-07,1295
2016-05-08,1295
2016-05-09,1295
2016-05-10,1295
2016-05-11,1295
2016-05-12,1295
2016-05-13,1295
2016-05-14,1295
2016-05-15,1295
2016-05-16,1295
2016-05-17,1295
2016-05-18,1295
2016-05-19,1295
2016-05-20,1295
2016-05-21,1295
2016-05-22,1295
2016-05-23,1295
2016-05-24,1295
2016-05-25,1295
2016-05-26,1295
2016-05-27,1295
2016-05-28,1295
2016-05-29,1295
2016-05-30,1295
2016-05-31,1295
2016-06-01,1295
2016-06-02,1295
2016-06-03,1296
2016-06-04,1296
2016-06-05,1296
2016-06-06,1296
2016-06-07,1296
2016-06-08,1296
2016-06-09,1296
2016-06-10,1296
2016-06-11,1296
2016-06-12,1296
2016-06-13,1296
2016-06-14,1296
2016-06-15,1296
2016-06-16,1296
2016-06-17,1296
2016-06-18,1296
2016-06-19,1296
2016-06-20,1296
2016-06-21,1297
2016-06-22,1296
2016-06-23,1296
2016-06-24,1296
2016-06-25,1296
2016-06-26,1296
2016-06-27,1296
2016-06-28,1296
2016-06-29,1296
2016-06-30,1297
2016-07-01,1297
2016-07-02,1297
2016-07-03,1297
2016-07-04,1297
2016-07-05,1297
2016-07-06,1297
2016-07-07,1297
2016-07-08,1297
2016-07-09,1297
2016-07-10,1297
2016-07-11,1297
2016-07-12,1297
2016-07-13,1297
2016-07-14,1297
2016-07-15,1297
2016-07-16,1297
2016-07-17,1297
2016-07-18,1297
2016-07-19,1297
2016-07-20,1297
2016-07-21,1297
2016-07-22,1297
2016-07-23,1297
2016-07-24,1297
2016-07-25,1297
2016-07-26,1297
2016-07-27,1297
2016-07-28,1297
2016-07-29,1297
2016-07-30,1297
2016-07-31,1297
2016-08-01,1297
2016-08-02,1297
2016-08-03,1297
2016-08-04,1297
2016-08-05,1297
2016-08-06,1297
2016-08-07,1297
2016-08-08,1297
2016-08-09,1297
2016-08-10,1297
2016-08-11,1297
2016-08-12,1297
2016-08-13,1297
2016-08-14,1297
2016-08-15,1297
2016-08-16,1297
2016-08-17,1297
2016-08-18,1297
2016-08-19,1297
2016-08-20,1297
2016-08-21,1297
2016-08-22,1297
2016-08-23,1297
2016-08-24,1297
2016-08-25,1298
2016-08-26,1298
2016-08-27,1298
2016-08-28,1298
2016-08-29,1298
2016-08-30,1298
2016-08-31,1298
2016-09-01,1298
2016-09-02,1298
2016-09-03,1298
2016-09-04,1298
2016-09-05,1298
2016-09-06,1298
2016-09-07,1299
2016-09-08,1299
2016-09-09,1299
2016-09-10,1299
2016-09-11,1299
2016-09-12,1299
2016-09-13,1299
2016-09-14,1299
2016-09-15,1299
2016-09-16,1299
2016-09-17,1299
2016-09-18,1299
2016-09-19,1299
2016-09-20,1299
2016-09-21,1299
2016-09-22,1299
2016-09-23,1301
2016-09-24,1301
2016-09-25,1301
2016-09-26,1301
2016-09-27,1301
2016-09-28,1301
2016-09-29,1301
2016-09-30,1301
2016-10-01,1301
2016-10-02,1301
2016-10-03,1301
2016-10-04,1301
2016-10-05,1301
2016-10-06,1301
2016-10-07,1301
2016-10-08,1301
2016-10-09,1301
2016-10-10,1301
2016-10-11,1301
2016-10-12,1301
2016-10-13,1301
2016-10-14,1301
2016-10-15,1302
2016-10-16,1302
2016-10-17,1302
2016-10-18,1303
2016-10-19,1303
2016-10-20,1303
2016-10-21,1303
2016-10-22,1303
2016-10-23,1303
2016-10-24,1303
2016-10-25,1303
2016-10-26,1303
2016-10-27,1303
2016-10-28,1303
2016-10-29,1303
2016-10-30,1303
2016-10-31,1303
2016-11-01,1303
2016-11-02,1303
2016-11-03,1303
2016-11-04,1303
2016-11-05,1303
2016-11-06,1303
2016-11-07,1303
2016-11-08,1302
2016-11-09,1302
2016-11-10,1302
2016-11-11,1302
2016-11-12,1302
2016-11-13,1302
2016-11-14,1302
2016-11-15,1302
2016-11-16,1303
2016-11-17,1303
2016-11-18,1305
2016-11-19,1306
2016-11-20,1306
2016-11-21,1306
2016-11-22,1306
2016-11-23,1306
2016-11-24,1306
2016-11-25,1306
2016-11-26,1306
2016-11-27,1306
2016-11-28,1306
2016-11-29,1306
2016-11-30,1306
2016-12-01,1307
2016-12-02,1307
2016-12-03,1307
2016-12-04,1307
2016-12-05,1307
2016-12-06,1307
2016-12-07,1307
2016-12-08,1307
2016-12-09,1307
2016-12-10,1307
2016-12-11,1307
2016-12-12,1307
2016-12-13,1307
2016-12-14,1307
2016-12-15,1307
2016-12-16,1307
2016-12-17,1307
2016-12-18,1307
2016-12-19,1307
2016-12-20,1307
2016-12-21,1307
2016-12-22,1307
2016-12-23,1307
2016-12-24,1307
2016-12-25,1307
2016-12-26,1307
2016-12-27,1307
2016-12-28,1307
2016-12-29,1307
2016-12-30,1307
2016-12-31,1307
2017-01-01,1307
2017-01-02,1307
2017-01-03,1307
2017-01-04,1307
2017-01-05,1307
2017-01-06,1307
2017-01-07,1307
2017-01-08,1307
2017-01-09,1307
2017-01-10,1307
2017-01-11,1307
2017-01-12,1307
2017-01-13,1308
2017-01-14,1308
2017-01-15,1308
2017-01-16,1308
2017-01-17,1308
2017-01-18,1308
2017-01-19,1308
2017-01-20,1308
2017-01-21,1308
2017-01-22,1308
2017-01-23,1308
2017-01-24,1308
2017-01-25,1308
2017-01-26,1308
2017-01-27,1308
2017-01-28,1308
2017-01-29,1308
2017-01-30,1308
2017-01-31,1308
2017-02-01,1308
2017-02-02,1309
2017-02-03,1309
2017-02-04,1309
2017-02-05,1309
2017-02-06,1309
2017-02-07,1309
2017-02-08,1309
2017-02-09,1309
2017-02-10,1309
2017-02-11,1309
2017-02-12,1309
2017-02-13,1309
2017-02-14,1309
2017-02-15,1309
2017-02-16,1309
2017-02-17,1309
2017-02-18,1309
2017-02-19,1309
2017-02-20,1309
2017-02-21,1309
2017-02-22,1309
2017-02-23,1309
2017-02-24,1309
2017-02-25,1309
2017-02-26,1309
2017-02-27,1309
2017-02-28,1309
2017-03-01,1309
2017-03-02,1309
2017-03-03,1309
2017-03-04,1309
2017-03-05,1309
2017-03-06,1309
2017-03-07,1309
2017-03-08,1309
2017-03-09,1309
2017-03-10,1309
2017-03-11,1309
2017-03-12,1309
2017-03-13,1309
2017-03-14,1309
2017-03-15,1309
2017-03-16,1309
2017-03-17,1309
2017-03-18,1310
2017-03-19,1310
2017-03-20,1310
2017-03-21,1310
2017-03-22,1310
2017-03-23,1310
2017-03-24,1310
2017-03-25,1310
2017-03-26,1310
2017-03-27,1310
2017-03-28,1310
2017-03-29,1310
2017-03-30,1310
2017-03-31,1310
2017-04-01,1310
2017-04-02,1310
2017-04-03,1310
2017-04-04,1310
2017-04-05,1310
2017-04-06,1310
2017-04-07,1310
2017-04-08,1310
2017-04-09,1310
2017-04-10,1310
2017-04-11,1310
2017-04-12,1310
2017-04-13,1310
2017-04-14,1310
2017-04-15,1310
2017-04-16,1310
2017-04-17,1310
2017-04-18,1310
2017-04-19,1310
2017-04-20,1310
2017-04-21,1310
2017-04-22,1310
2017-04-23,1310
2017-04-24,1310
2017-04-25,1310
2017-04-26,1310
2017-04-27,1310
2017-04-28,1310
2017-04-29,1310
2017-04-30,1310
2017-05-01,1310
2017-05-02,1310
2017-05-03,1310
2017-05-04,1310
2017-05-05,1310
2017-05-06,1311
2017-05-07,1311
2017-05-08,1311
2017-05-09,1311
2017-05-10,1311
2017-05-11,1312
2017-05-12,1312
2017-05-13,1313
2017-05-14,1313
2017-05-15,1313
2017-05-16,1313
2017-05-17,1313
2017-05-18,1312
2017-05-19,1313
2017-05-20,1315
2017-05-21,1315
2017-05-22,1315
2017-05-23,1315
2017-05-24,1315
2017-05-25,1315
2017-05-26,1315
2017-05-27,1315
2017-05-28,1315
2017-05-29,1315
2017-05-30,1315
2017-05-31,1315
2017-06-01,1315
2017-06-02,1315
2017-06-03,1315
2017-06-04,1315
2017-06-05,1315
2017-06-06,1315
2017-06-07,1316
2017-06-08,1316
2017-06-09,1316
2017-06-10,1316
2017-06-11,1316
2017-06-12,1316
2017-06-13,1316
2017-06-14,1316
2017-06-15,1316
2017-06-16,1316
2017-06-17,1316
2017-06-18,1316
2017-06-19,1316
2017-06-20,1316
2017-06-21,1316
2017-06-22,1316
2017-06-23,1316
2017-06-24,1316
2017-06-25,1316
2017-06-26,1316
2017-06-27,1316
2017-06-28,1316
2017-06-29,1317
2017-06-30,1318
2017-07-01,1318
2017-07-02,1318
2017-07-03,1318
2017-07-04,1318
2017-07-05,1318
2017-07-06,1318
2017-07-07,1318
2017-07-08,1318
2017-07-09,1318
2017-07-10,1317
2017-07-11,1317
2017-07-12,1318
2017-07-13,1318
2017-07-14,1318
2017-07-15,1318
2017-07-16,1318
2017-07-17,1318
2017-07-18,1318
2017-07-19,1318
2017-07-20,1319
2017-07-21,1319
2017-07-22,1319
2017-07-23,1319
2017-07-24,1319
2017-07-25,1319
2017-07-26,1319
2017-07-27,1319
2017-07-28,1319
2017-07-29,1319
2017-07-30,1319
2017-07-31,1319
2017-08-01,1319
2017-08-02,1319
2017-08-03,1319
2017-08-04,1319
2017-08-05,1319
2017-08-06,1319
2017-08-07,1319
2017-08-08,1319
2017-08-09,1319
2017-08-10,1319
2017-08-11,1319
2017-08-12,1319
2017-08-13,1319
2017-08-14,1319
2017-08-15,1319
2017-08-16,1319
2017-08-17,1319
2017-08-18,1319
2017-08-19,1319
2017-08-20,1319
2017-08-21,1319
2017-08-22,1319
2017-08-23,1319
2017-08-24,1319
2017-08-25,1319
2017-08-26,1320
2017-08-27,1320
2017-08-28,1320
2017-08-29,1320
2017-08-30,1321
2017-08-31,1321
2017-09-01,1321
2017-09-02,1321
2017-09-03,1321
2017-09-04,1321
2017-09-05,1321
2017-09-06,1321
2017-09-07,1321
2017-09-08,1321
2017-09-09,1321
2017-09-10,1321
2017-09-11,1321
2017-09-12,1321
2017-09-13,1321
2017-09-14,1321
2017-09-15,1321
2017-09-16,1321
2017-09-17,1321
2017-09-18,1321
2017-09-19,1321
2017-09-20,1321
2017-09-21,1321
2017-09-22,1321
2017-09-23,1321
2017-09-24,1321
2017-09-25,1321
2017-09-26,1321
2017-09-27,1322
2017-09-28,1322
2017-09-29,1322
2017-09-30,1322
2017-10-01,1322
2017-10-02,1322
2017-10-03,1322
2017-10-04,1322
2017-10-05,1322
2017-10-06,1322
2017-10-07,1322
2017-10-08,1322
2017-10-09,1322
2017-10-10,1322
2017-10-11,1322
2017-10-12,1322
2017-10-13,1322
2017-10-14,1322
2017-10-15,1322
2017-10-16,1322
2017-10-17,1322
2017-10-18,1322
2017-10-19,1322
2017-10-20,1322
2017-10-21,1322
2017-10-22,1322
2017-10-23,1322
2017-10-24,1321
2017-10-25,1322
2017-10-26,1322
2017-10-27,1322
2017-10-28,1322
2017-10-29,1322
2017-10-30,1322
2017-10-31,1322
2017-11-01,1322
2017-11-02,1322
2017-11-03,1322
2017-11-04,1322
2017-11-05,1322
2017-11-06,1322
2017-11-07,1322
2017-11-08,1323
2017-11-09,1323
2017-11-10,1323
2017-11-11,1323
2017-11-12,1323
2017-11-13,1323
2017-11-14,1323
2017-11-15,1323
2017-11-16,1323
2017-11-17,1323
2017-11-18,1323
2017-11-19,1323
2017-11-20,1323
2017-11-21,1323
2017-11-22,1324
2017-11-23,1324
2017-11-24,1324
2017-11-25,1324
2017-11-26,1324
2017-11-27,1324
2017-11-28,1324
2017-11-29,1324
2017-11-30,1324
2017-12-01,1324
2017-12-02,1324
2017-12-03,1324
2017-12-04,1324
2017-12-05,1325
2017-12-06,1325
2017-12-07,1325
2017-12-08,1325
2017-12-09,1326
2017-12-10,1326
2017-12-11,1326
2017-12-12,1326
2017-12-13,1326
2017-12-14,1326
2017-12-15,1326
2017-12-16,1326
2017-12-17,1326
2017-12-18,1326
2017-12-19,1326
2017-12-20,1326
2017-12-21,1326
2017-12-22,1326
2017-12-23,1327
2017-12-24,1327
2017-12-25,1327
2017-12-26,1327
2017-12-27,1327
2017-12-28,1327
2017-12-29,1327
2017-12-30,1328
2017-12-31,1328
2018-01-01,1328
2018-01-02,1328
2018-01-03,1328
2018-01-04,1328
2018-01-05,1328
2018-01-06,1329
2018-01-07,1329
2018-01-08,1329
2018-01-09,1329
2018-01-10,1329
2018-01-11,1329
2018-01-12,1329
2018-01-13,1329
2018-01-14,1329
2018-01-15,1329
2018-01-16,1329
2018-01-17,1329
2018-01-18,1329
2018-01-19,1329
2018-01-20,1329
2018-01-21,1329
2018-01-22,1329
2018-01-23,1329
2018-01-24,1329
2018-01-25,1329
2018-01-26,1329
2018-01-27,1329
2018-01-28,1329
2018-01-29,1329
2018-01-30,1329
2018-01-31,1329
2018-02-01,1330
2018-02-02,1330
2018-02-03,1330
2018-02-04,1330
2018-02-05,1330
2018-02-06,1330
2018-02-07,1330
2018-02-08,1330
2018-02-09,1330
2018-02-10,1330
2018-02-11,1330
2018-02-12,1330
2018-02-13,1330
2018-02-14,1330
2018-02-15,1330
2018-02-16,1330
2018-02-17,1330
2018-02-18,1330
2018-02-19,1330
2018-02-20,1330
2018-02-21,1330
2018-02-22,1331
2018-02-23,1331
2018-02-24,1331
2018-02-25,1331
2018-02-26,1331
2018-02-27,1331
2018-02-28,1331
2018-03-01,1331
2018-03-02,1331
2018-03-03,1332
2018-03-04,1332
2018-03-05,1332
2018-03-06,1332
2018-03-07,1332
2018-03-08,1332
2018-03-09,1332
2018-03-10,1332
2018-03-11,1332
2018-03-12,1332
2018-03-13,1332
2018-03-14,1332
2018-03-15,1333
2018-03-16,1333
2018-03-17,1333
2018-03-18,1333
2018-03-19,1333
2018-03-20,1333
2018-03-21,1334
2018-03-22,1335
2018-03-23,1335
2018-03-24,1335
2018-03-25,1335
2018-03-26,1335
2018-03-27,1335
2018-03-28,1335
2018-03-29,1335
2018-03-30,1335
2018-03-31,1335
2018-04-01,1335
2018-04-02,1335
2018-04-03,1336
2018-04-04,1336
2018-04-05,1336
2018-04-06,1336
2018-04-07,1336
2018-04-08,1336
2018-04-09,1336
2018-04-10,1336
2018-04-11,1336
2018-04-12,1336
2018-04-13,1336
2018-04-14,1336
2018-04-15,1336
2018-04-16,1336
2018-04-17,1336
2018-04-18,1336
2018-04-19,1336
2018-04-20,1336
2018-04-21,1336
2018-04-22,1336
2018-04-23,1336
2018-04-24,1336
2018-04-25,1336
2018-04-26,1336
2018-04-27,1336
2018-04-28,1337
2018-04-29,1337
2018-04-30,1337
2018-05-01,1337
2018-05-02,1337
2018-05-03,1337
2018-05-04,1337
2018-05-05,1338
2018-05-06,1338
2018-05-07,1338
2018-05-08,1338
2018-05-09,1339
2018-05-10,1339
2018-05-11,1339
2018-05-12,1339
2018-05-13,1339
2018-05-14,1339
2018-05-15,1339
2018-05-16,1339
2018-05-17,1339
2018-05-18,1339
2018-05-19,1339
2018-05-20,1339
2018-05-21,1339
2018-05-22,1339
2018-05-23,1339
2018-05-24,1339
2018-05-25,1339
2018-05-26,1339
2018-05-27,1339
2018-05-28,1339
2018-05-29,1339
2018-05-30,1340
2018-05-31,1340
2018-06-01,1341
2018-06-02,1341
2018-06-03,1341
2018-06-04,1341
2018-06-05,1341
2018-06-06,1341
2018-06-07,1341
2018-06-08,1341
2018-06-09,1341
2018-06-10,1341
2018-06-11,1341
2018-06-12,1342
2018-06-13,1343
2018-06-14,1343
2018-06-15,1343
2018-06-16,1343
2018-06-17,1343
2018-06-18,1343
2018-06-19,1343
2018-06-20,1344
2018-06-21,1344
2018-06-22,1344
2018-06-23,1344
2018-06-24,1344
2018-06-25,1344
2018-06-26,1344
2018-06-27,1345
2018-06-28,1345
2018-06-29,1346
2018-06-30,1346
2018-07-01,1346
2018-07-02,1346
2018-07-03,1346
2018-07-04,1346
2018-07-05,1346
2018-07-06,1346
2018-07-07,1346
2018-07-08,1346
2018-07-09,1346
2018-07-10,1346
2018-07-11,1346
2018-07-12,1346
2018-07-13,1346
2018-07-14,1347
2018-07-15,1347
2018-07-16,1347
2018-07-17,1347
2018-07-18,1347
2018-07-19,1347
2018-07-20,1347
2018-07-21,1347
2018-07-22,1347
2018-07-23,1347
2018-07-24,1347
2018-07-25,1347
2018-07-26,1347
2018-07-27,1347
2018-07-28,1347
2018-07-29,1347
2018-07-30,1347
2018-07-31,1347
2018-08-01,1347
2018-08-02,1347
2018-08-03,1347
2018-08-04,1348
2018-08-05,1348
2018-08-06,1348
2018-08-07,1348
2018-08-08,1348
2018-08-09,1349
2018-08-10,1349
2018-08-11,1349
2018-08-12,1349
2018-08-13,1349
2018-08-14,1349
2018-08-15,1349
2018-08-16,1349
2018-08-17,1349
2018-08-18,1349
2018-08-19,1349
2018-08-20,1349
2018-08-21,1349
2018-08-22,1348
2018-08-23,1348
2018-08-24,1348
2018-08-25,1348
2018-08-26,1348
2018-08-27,1348
2018-08-28,1348
2018-08-29,1348
2018-08-30,1348
2018-08-31,1349
2018-09-01,1349
2018-09-02,1349
2018-09-03,1349
2018-09-04,1349
2018-09-05,1349
2018-09-06,1349
2018-09-07,1349
2018-09-08,1349
2018-09-09,1349
2018-09-10,1349
2018-09-11,1349
2018-09-12,1349
2018-09-13,1349
2018-09-14,1349
2018-09-15,1349
2018-09-16,1349
2018-09-17,1349
2018-09-18,1349
2018-09-19,1349
2018-09-20,1349
2018-09-21,1349
2018-09-22,1349
2018-09-23,1349
2018-09-24,1349
2018-09-25,1350
2018-09-26,1350
2018-09-27,1350
2018-09-28,1350
2018-09-29,1350
2018-09-30,1350
2018-10-01,1350
2018-10-02,1350
2018-10-03,1350
2018-10-04,1350
2018-10-05,1350
2018-10-06,1350
2018-10-07,1350
2018-10-08,1350
2018-10-09,1350
2018-10-10,1350
2018-10-11,1350
2018-10-12,1350
2018-10-13,1350
2018-10-14,1350
2018-10-15,1350
2018-10-16,1351
2018-10-17,1351
2018-10-18,1351
2018-10-19,1351
2018-10-20,1351
2018-10-21,1351
2018-10-22,1351
2018-10-23,1351
2018-10-24,1351
2018-10-25,1351
2018-10-26,1351
2018-10-27,1351
2018-10-28,1351
2018-10-29,1351
2018-10-30,1351
2018-10-31,1351
2018-11-01,1351
2018-11-02,1351
2018-11-03,1351
2018-11-04,1351
2018-11-05,1351
2018-11-06,1351
2018-11-07,1352
2018-11-08,1352
2018-11-09,1352
2018-11-10,1352
2018-11-11,1352
2018-11-12,1352
2018-11-13,1352
2018-11-14,1352
2018-11-15,1352
2018-11-16,1352
2018-11-17,1352
2018-11-18,1352
2018-11-19,1352
2018-11-20,1352
2018-11-21,1352
2018-11-22,1352
2018-11-23,1352
2018-11-24,1352
2018-11-25,1352
2018-11-26,1352
2018-11-27,1352
2018-11-28,1352
2018-11-29,1352
2018-11-30,1353
2018-12-01,1353
2018-12-02,1353
2018-12-03,1353
2018-12-04,1353
2018-12-05,1353
2018-12-06,1353
2018-12-07,1353
2018-12-08,1353
2018-12-09,1353
2018-12-10,1353
2018-12-11,1353
2018-12-12,1353
2018-12-13,1353
2018-12-14,1353
2018-12-15,1354
2018-12-16,1354
2018-12-17,1354
2018-12-18,1355
2018-12-19,1355
2018-12-20,1355
2018-12-21,1355
2018-12-22,1355
2018-12-23,1355
2018-12-24,1355
2018-12-25,1355
2018-12-26,1355
2018-12-27,1355
2018-12-28,1355
2018-12-29,1355
2018-12-30,1355
2018-12-31,1355
2019-01-01,1355
2019-01-02,1355
2019-01-03,1355
2019-01-04,1355
2019-01-05,1355
2019-01-06,1355
2019-01-07,1355
2019-01-08,1355
2019-01-09,1355
2019-01-10,1355
2019-01-11,1355
2019-01-12,1355
2019-01-13,1355
2019-01-14,1355
2019-01-15,1355
2019-01-16,1355
2019-01-17,1355
2019-01-18,1355
2019-01-19,1355
2019-01-20,1355
2019-01-21,1355
2019-01-22,1355
2019-01-23,1355
2019-01-24,1355
2019-01-25,1355
2019-01-26,1355
2019-01-27,1355
2019-01-28,1355
2019-01-29,1355
2019-01-30,1355
2019-01-31,1355
2019-02-01,1357
2019-02-02,1357
2019-02-03,1357
2019-02-04,1357
2019-02-05,1357
2019-02-06,1357
2019-02-07,1357
2019-02-08,1357
2019-02-09,1357
2019-02-10,1357
2019-02-11,1357
2019-02-12,1357
2019-02-13,1357
2019-02-14,1357
2019-02-15,1357
2019-02-16,1357
2019-02-17,1357
2019-02-18,1357
2019-02-19,1357
2019-02-20,1357
2019-02-21,1358
2019-02-22,1358
2019-02-23,1358
2019-02-24,1358
2019-02-25,1358
2019-02-26,1358
2019-02-27,1358
2019-02-28,1358
2019-03-01,1358
2019-03-02,1358
2019-03-03,1358
2019-03-04,1358
2019-03-05,1358
2019-03-06,1358
2019-03-07,1358
2019-03-08,1359
2019-03-09,1359
2019-03-10,1359
2019-03-11,1359
2019-03-12,1359
2019-03-13,1359
2019-03-14,1359
2019-03-15,1359
2019-03-16,1359
2019-03-17,1359
2019-03-18,1359
2019-03-19,1359
2019-03-20,1359
2019-03-21,1360
2019-03-22,1360
2019-03-23,1360
2019-03-24,1360
2019-03-25,1360
2019-03-26,1360
2019-03-27,1361
2019-03-28,1361
2019-03-29,1361
2019-03-30,1361
2019-03-31,1361
2019-04-01,1361
2019-04-02,1361
2019-04-03,1361
2019-04-04,1361
2019-04-05,1361
2019-04-06,1361
2019-04-07,1361
2019-04-08,1361
2019-04-09,1360
2019-04-10,1360
2019-04-11,1360
2019-04-12,1360
2019-04-13,1360
2019-04-14,1360
2019-04-15,1360
2019-04-16,1360
2019-04-17,1360
2019-04-18,1360
2019-04-19,1360
2019-04-20,1360
2019-04-21,1360
2019-04-22,1360
2019-04-23,1360
2019-04-24,1360
2019-04-25,1360
2019-04-26,1360
2019-04-27,1360
2019-04-28,1360
2019-04-29,1360
2019-04-30,1360
2019-05-01,1360
2019-05-02,1360
2019-05-03,1360
2019-05-04,1360
2019-05-05,1360
2019-05-06,1360
2019-05-07,1360
2019-05-08,1360
2019-05-09,1360
2019-05-10,1360
2019-05-11,1361
2019-05-12,1361
2019-05-13,1361
2019-05-14,1361
2019-05-15,1361
2019-05-16,1361
2019-05-17,1361
2019-05-18,1361
2019-05-19,1361
2019-05-20,1361
2019-05-21,1362
2019-05-22,1362
2019-05-23,1362
2019-05-24,1362
2019-05-25,1362
2019-05-26,1362
2019-05-27,1362
2019-05-28,1362
2019-05-29,1362
2019-05-30,1362
2019-05-31,1362
2019-06-01,1362
2019-06-02,1362
2019-06-03,1362
2019-06-04,1362
2019-06-05,1362
2019-06-06,1362
2019-06-07,1362
2019-06-08,1362
2019-06-09,1362
2019-06-10,1362
2019-06-11,1362
2019-06-12,1362
2019-06-13,1363
2019-06-14,1363
2019-06-15,1363
2019-06-16,1363
2019-06-17,1363
2019-06-18,1366
2019-06-19,1366
2019-06-20,1366
2019-06-21,1366
2019-06-22,1366
2019-06-23,1366
2019-06-24,1366
2019-06-25,1366
2019-06-26,1366
2019-06-27,1366
2019-06-28,1366
2019-06-29,1366
2019-06-30,1366
2019-07-01,1366
2019-07-02,1366
2019-07-03,1366
2019-07-04,1366
2019-07-05,1366
2019-07-06,1366
2019-07-07,1366
2019-07-08,1366
2019-07-09,1366
2019-07-10,1366
2019-07-11,1366
2019-07-12,1366
2019-07-13,1366
2019-07-14,1366
2019-07-15,1366
2019-07-16,1366
2019-07-17,1366
2019-07-18,1366
2019-07-19,1366
2019-07-20,1366
2019-07-21,1366
2019-07-22,1366
2019-07-23,1366
2019-07-24,1366
2019-07-25,1366
2019-07-26,1366
2019-07-27,1367
2019-07-28,1367
2019-07-29,1367
2019-07-30,1367
2019-07-31,1367
2019-08-01,1367
2019-08-02,1369
2019-08-03,1369
2019-08-04,1369
2019-08-05,1369
2019-08-06,1369
2019-08-07,1369
2019-08-08,1369
2019-08-09,1369
2019-08-10,1369
2019-08-11,1369
2019-08-12,1369
2019-08-13,1369
2019-08-14,1369
2019-08-15,1369
2019-08-16,1369
2019-08-17,1369
2019-08-18,1369
2019-08-19,1369
2019-08-20,1369
2019-08-21,1369
2019-08-22,1369
2019-08-23,1369
2019-08-24,1369
2019-08-25,1369
2019-08-26,1369
2019-08-27,1369
2019-08-28,1369
2019-08-29,1369
2019-08-30,1369
2019-08-31,1369
2019-09-01,1369
2019-09-02,1369
2019-09-03,1369
2019-09-04,1369
2019-09-05,1369
2019-09-06,1369
2019-09-07,1369
2019-09-08,1369
2019-09-09,1369
2019-09-10,1369
2019-09-11,1369
2019-09-12,1369
2019-09-13,1370
2019-09-14,1370
2019-09-15,1370
2019-09-16,1370
2019-09-17,1372
2019-09-18,1372
2019-09-19,1372
2019-09-20,1372
2019-09-21,1372
2019-09-22,1372
2019-09-23,1372
2019-09-24,1372
2019-09-25,1372
2019-09-26,1373
2019-09-27,1373
2019-09-28,1373
2019-09-29,1373
2019-09-30,1373
2019-10-01,1373
2019-10-02,1373
2019-10-03,1373
2019-10-04,1374
2019-10-05,1374
2019-10-06,1374
2019-10-07,1374
2019-10-08,1374
2019-10-09,1374
2019-10-10,1374
2019-10-11,1374
2019-10-12,1374
2019-10-13,1374
2019-10-14,1374
2019-10-15,1374
2019-10-16,1374
2019-10-17,1374
2019-10-18,1374
2019-10-19,1374
2019-10-20,1374
2019-10-21,1374
2019-10-22,1374
2019-10-23,1374
2019-10-24,1374
2019-10-25,1374
2019-10-26,1374
2019-10-27,1374
2019-10-28,1374
2019-10-29,1374
2019-10-30,1374
2019-10-31,1374
2019-11-01,1374
2019-11-02,1374
2019-11-03,1374
2019-11-04,1374
2019-11-05,1374
2019-11-06,1374
2019-11-07,1374
2019-11-08,1374
2019-11-09,1374
2019-11-10,1374
2019-11-11,1374
2019-11-12,1374
2019-11-13,1375
2019-11-14,1375
2019-11-15,1375
2019-11-16,1375
2019-11-17,1375
2019-11-18,1375
2019-11-19,1375
2019-11-20,1375
2019-11-21,1375
2019-11-22,1376
2019-11-23,1376
2019-11-24,1376
2019-11-25,1376
2019-11-26,1376
2019-11-27,1376
2019-11-28,1376
2019-11-29,1376
2019-11-30,1376
2019-12-01,1376
2019-12-02,1376
2019-12-03,1377
2019-12-04,1377
2019-12-05,1378
2019-12-06,1378
2019-12-07,1378
2019-12-08,1378
2019-12-09,1378
2019-12-10,1378
2019-12-11,1378
2019-12-12,1378
2019-12-13,1378
2019-12-14,1378
2019-12-15,1378
2019-12-16,1378
2019-12-17,1378
2019-12-18,1378
2019-12-19,1378
2019-12-20,1378
2019-12-21,1378
2019-12-22,1378
2019-12-23,1378
2019-12-24,1378
2019-12-25,1378
2019-12-26,1378
2019-12-27,1378
2019-12-28,1378
2019-12-29,1378
2019-12-30,1378
2019-12-31,1378
2020-01-01,1378
2020-01-02,1378
2020-01-03,1378
2020-01-04,1378
2020-01-05,1378
2020-01-06,1378
2020-01-07,1378
2020-01-08,1378
2020-01-09,1378
2020-01-10,1378
2020-01-11,1378
2020-01-12,1378
2020-01-13,1378
2020-01-14,1378
2020-01-15,1378
2020-01-16,1378
2020-01-17,1378
2020-01-18,1378
2020-01-19,1378
2020-01-20,1378
2020-01-21,1378
2020-01-22,1378
2020-01-23,1378
2020-01-24,1378
2020-01-25,1378
2020-01-26,1378
2020-01-27,1378
2020-01-28,1378
2020-01-29,1378
2020-01-30,1378
2020-01-31,1379
2020-02-01,1379
2020-02-02,1379
2020-02-03,1379
2020-02-04,1379
2020-02-05,1379
2020-02-06,1379
2020-02-07,1379
2020-02-08,1379
2020-02-09,1379
2020-02-10,1379
2020-02-11,1379
2020-02-12,1379
2020-02-13,1379
2020-02-14,1379
2020-02-15,1379
2020-02-16,1379
2020-02-17,1379
2020-02-18,1379
2020-02-19,1379
2020-02-20,1379
2020-02-21,1379
2020-02-22,1379
2020-02-23,1379
2020-02-24,1379
2020-02-25,1379
2020-02-26,1379
2020-02-27,1379
2020-02-28,1379
2020-02-29,1380
2020-03-01,1380
2020-03-02,1380
2020-03-03,1380
2020-03-04,1380
2020-03-05,1380
2020-03-06,1380
2020-03-07,1380
2020-03-08,1380
2020-03-09,1380
2020-03-10,1380
2020-03-11,1380
2020-03-12,1380
2020-03-13,1380
2020-03-14,1381
2020-03-15,1381
2020-03-16,1381
2020-03-17,1381
2020-03-18,1381
2020-03-19,1382
2020-03-20,1382
2020-03-21,1382
2020-03-22,1382
2020-03-23,1382
2020-03-24,1382
2020-03-25,1382
2020-03-26,1382
2020-03-27,1382
2020-03-28,1382
2020-03-29,1382
2020-03-30,1382
2020-03-31,1382
2020-04-01,1382
2020-04-02,1382
2020-04-03,1382
2020-04-04,1382
2020-04-05,1382
2020-04-06,1382
2020-04-07,1382
2020-04-08,1382
2020-04-09,1382
2020-04-10,1381
2020-04-11,1382
2020-04-12,1382
2020-04-13,1382
2020-04-14,1382
2020-04-15,1382
2020-04-16,1382
2020-04-17,1382
2020-04-18,1382
2020-04-19,1382
2020-04-20,1382
2020-04-21,1382
2020-04-22,1382
2020-04-23,1382
2020-04-24,1382
2020-04-25,1383
2020-04-26,1383
2020-04-27,1383
2020-04-28,1383
2020-04-29,1383
2020-04-30,1383
2020-05-01,1383
2020-05-02,1383
2020-05-03,1383
2020-05-04,1383
2020-05-05,1383
2020-05-06,1383
2020-05-07,1385
2020-05-08,1385
2020-05-09,1386
2020-05-10,1386
2020-05-11,1386
2020-05-12,1387
2020-05-13,1387
2020-05-14,1387
2020-05-15,1387
2020-05-16,1387
2020-05-17,1387
2020-05-18,1387
2020-05-19,1387
2020-05-20,1387
2020-05-21,1387
2020-05-22,1387
2020-05-23,1387
2020-05-24,1387
2020-05-25,1387
2020-05-26,1387
2020-05-27,1387
2020-05-28,1387
2020-05-29,1387
2020-05-30,1387
2020-05-31,1387
2020-06-01,1387
2020-06-02,1387
2020-06-03,1387
2020-06-04,1387
2020-06-05,1387
2020-06-06,1387
2020-06-07,1387
2020-06-08,1387
2020-06-09,1387
2020-06-10,1387
2020-06-11,1387
2020-06-12,1387
2020-06-13,1387
2020-06-14,1387
2020-06-15,1387
2020-06-16,1387
2020-06-17,1387
2020-06-18,1387
2020-06-19,1387
2020-06-20,1387
2020-06-21,1387
2020-06-22,1387
2020-06-23,1387
2020-06-24,1387
2020-06-25,1387
2020-06-26,1387
2020-06-27,1387
2020-06-28,1387
2020-06-29,1387
2020-06-30,1387
2020-07-01,1387
2020-07-02,1387
2020-07-03,1387
2020-07-04,1387
2020-07-05,1387
2020-07-06,1387
2020-07-07,1387
2020-07-08,1387
2020-07-09,1387
2020-07-10,1388
2020-07-11,1388
2020-07-12,1388
2020-07-13,1388
2020-07-14,1388
2020-07-15,1388
2020-07-16,1388
2020-07-17,1388
2020-07-18,1388
2020-07-19,1388
2020-07-20,1388
2020-07-21,1388
2020-07-22,1388
2020-07-23,1388
2020-07-24,1388
2020-07-25,1388
2020-07-26,1388
2020-07-27,1388
2020-07-28,1388
2020-07-29,1389
2020-07-30,1389
2020-07-31,1389
2020-08-01,1389
2020-08-02,1389
2020-08-03,1389
2020-08-04,1389
2020-08-05,1389
2020-08-06,1389
2020-08-07,1389
2020-08-08,1389
2020-08-09,1389
2020-08-10,1389
2020-08-11,1389
2020-08-12,1389
2020-08-13,1389
2020-08-14,1389
2020-08-15,1389
2020-08-16,1389
2020-08-17,1389
2020-08-18,1389
2020-08-19,1389
2020-08-20,1389
2020-08-21,1389
2020-08-22,1389
2020-08-23,1389
2020-08-24,1389
2020-08-25,1389
2020-08-26,1389
2020-08-27,1389
2020-08-28,1389
2020-08-29,1389
2020-08-30,1389
2020-08-31,1389
2020-09-01,1389
2020-09-02,1389
2020-09-03,1389
2020-09-04,1389
2020-09-05,1389
2020-09-06,1389
2020-09-07,1389
2020-09-08,1389
2020-09-09,1389
2020-09-10,1389
2020-09-11,1389
2020-09-12,1389
2020-09-13,1389
2020-09-14,1389
2020-09-15,1389
2020-09-16,1389
2020-09-17,1389
2020-09-18,1389
2020-09-19,1389
2020-09-20,1389
2020-09-21,1389
2020-09-22,1389
2020-09-23,1389
2020-09-24,1389
2020-09-25,1389
2020-09-26,1390
2020-09-27,1390
2020-09-28,1390
2020-09-29,1390
2020-09-30,1391
2020-10-01,1391
2020-10-02,1391
2020-10-03,1391
2020-10-04,1391
2020-10-05,1391
2020-10-06,1391
2020-10-07,1391
2020-10-08,1391
2020-10-09,1391
2020-10-10,1391
2020-10-11,1391
2020-10-12,1391
2020-10-13,1391
2020-10-14,1391
2020-10-15,1391
2020-10-16,1391
2020-10-17,1391
2020-10-18,1391
2020-10-19,1391
2020-10-20,1391
2020-10-21,1392
2020-10-22,1392
2020-10-23,1392
2020-10-24,1392
2020-10-25,1392
2020-10-26,1392
2020-10-27,1392
2020-10-28,1392
2020-10-29,1392
2020-10-30,1392
2020-10-31,1393
2020-11-01,1393
2020-11-02,1393
2020-11-03,1393
2020-11-04,1393
2020-11-05,1393
2020-11-06,1393
2020-11-07,1393
2020-11-08,1393
2020-11-09,1393
2020-11-10,1393
2020-11-11,1393
2020-11-12,1393
2020-11-13,1393
2020-11-14,1393
2020-11-15,1393
2020-11-16,1393
2020-11-17,1393
2020-11-18,1393
2020-11-19,1393
2020-11-20,1393
2020-11-21,1393
2020-11-22,1393
2020-11-23,1393
2020-11-24,1393
2020-11-25,1393
2020-11-26,1393
2020-11-27,1393
2020-11-28,1393
2020-11-29,1393
2020-11-30,1393
2020-12-01,1393
2020-12-02,1394
2020-12-03,1394
2020-12-04,1394
2020-12-05,1394
2020-12-06,1394
2020-12-07,1394
2020-12-08,1394
2020-12-09,1394
2020-12-10,1394
2020-12-11,1394
2020-12-12,1394
2020-12-13,1394
2020-12-14,1394
2020-12-15,1395
2020-12-16,1395
2020-12-17,1396
2020-12-18,1396
2020-12-19,1396
2020-12-20,1396
2020-12-21,1396
2020-12-22,1396
2020-12-23,1396
2020-12-24,1396
2020-12-25,1396
2020-12-26,1396
2020-12-27,1396
2020-12-28,1396
2020-12-29,1396
2020-12-30,1396
2020-12-31,1396
2021-01-01,1401
2021-01-02,1401
2021-01-03,1401
2021-01-04,1401
2021-01-05,1401
2021-01-06,1401
2021-01-07,1401
2021-01-08,1402
2021-01-09,1402
2021-01-10,1402
2021-01-11,1402
2021-01-12,1402
2021-01-13,1402
2021-01-14,1402
2021-01-15,1402
2021-01-16,1402
2021-01-17,1402
2021-01-18,1402
2021-01-19,1402
2021-01-20,1402
2021-01-21,1402
2021-01-22,1402
2021-01-23,1402
2021-01-24,1402
2021-01-25,1402
2021-01-26,1402
2021-01-27,1402
2021-01-28,1403
2021-01-29,1403
2021-01-30,1403
2021-01-31,1403
2021-02-01,1403
2021-02-02,1403
2021-02-03,1403
2021-02-04,1403
2021-02-05,1403
2021-02-06,1403
2021-02-07,1403
2021-02-08,1401
2021-02-09,1401
2021-02-10,1401
2021-02-11,1401
2021-02-12,1401
2021-02-13,1401
2021-02-14,1401
2021-02-15,1401
2021-02-16,1401
2021-02-17,1401
2021-02-18,1401
2021-02-19,1401
2021-02-20,1401
2021-02-21,1401
2021-02-22,1401
2021-02-23,1401
2021-02-24,1402
2021-02-25,1402
2021-02-26,1402
2021-02-27,1402
2021-02-28,1402
2021-03-01,1402
2021-03-02,1402
2021-03-03,1402
2021-03-04,1402
2021-03-05,1402
2021-03-06,1402
2021-03-07,1402
2021-03-08,1402
2021-03-09,1402
2021-03-10,1402
2021-03-11,1402
2021-03-12,1402
2021-03-13,1402
2021-03-14,1402
2021-03-15,1402
2021-03-16,1402
2021-03-17,1402
2021-03-18,1402
2021-03-19,1402
2021-03-20,1402
2021-03-21,1402
2021-03-22,1402
2021-03-23,1402
2021-03-24,1402
2021-03-25,1403
2021-03-26,1403
2021-03-27,1403
2021-03-28,1403
2021-03-29,1403
2021-03-30,1403
2021-03-31,1403
2021-04-01,1404
2021-04-02,1405
2021-04-03,1405
2021-04-04,1405
2021-04-05,1405
2021-04-06,1405
2021-04-07,1405
2021-04-08,1405
2021-04-09,1405
2021-04-10,1405
2021-04-11,1405
2021-04-12,1405
2021-04-13,1405
2021-04-14,1405
2021-04-15,1405
2021-04-16,1406
2021-04-17,1406
2021-04-18,1406
2021-04-19,1406
2021-04-20,1406
2021-04-21,1406
2021-04-22,1406
2021-04-23,1406
2021-04-24,1407
2021-04-25,1407
2021-04-26,1407
2021-04-27,1407
2021-04-28,1407
2021-04-29,1407
2021-04-30,1407
2021-05-01,1407
2021-05-02,1407
2021-05-03,1407
2021-05-04,1407
2021-05-05,1407
2021-05-06,1407
2021-05-07,1407
2021-05-08,1407
2021-05-09,1407
2021-05-10,1407
2021-05-11,1407
2021-05-12,1407
2021-05-13,1407
2021-05-14,1408
2021-05-15,1408
2021-05-16,1408
2021-05-17,1408
2021-05-18,1408
2021-05-19,1408
2021-05-20,1408
2021-05-21,1408
2021-05-22,1408
2021-05-23,1408
2021-05-24,1408
2021-05-25,1408
2021-05-26,1409
2021-05-27,1409
2021-05-28,1409
2021-05-29,1409
2021-05-30,1409
2021-05-31,1409
2021-06-01,1409
2021-06-02,1409
2021-06-03,1411
2021-06-04,1411
2021-06-05,1411
2021-06-06,1411
2021-06-07,1411
2021-06-08,1411
2021-06-09,1411
2021-06-10,1411
2021-06-11,1411
2021-06-12,1411
2021-06-13,1411
2021-06-14,1411
2021-06-15,1411
2021-06-16,1411
2021-06-17,1412
2021-06-18,1412
2021-06-19,1412
2021-06-20,1412
2021-06-21,1412
2021-06-22,1412
2021-06-23,1412
2021-06-24,1412
2021-06-25,1413
2021-06-26,1413
2021-06-27,1413
2021-06-28,1413
2021-06-29,1413
2021-06-30,1413
2021-07-01,1413
2021-07-02,1413
2021-07-03,1413
2021-07-04,1413
2021-07-05,1413
2021-07-06,1413
2021-07-07,1413
2021-07-08,1413
2021-07-09,1413
2021-07-10,1413
2021-07-11,1413
2021-07-12,1413
2021-07-13,1413
2021-07-14,1413
2021-07-15,1413
2021-07-16,1413
2021-07-17,1413
2021-07-18,1413
2021-07-19,1413
2021-07-20,1413
2021-07-21,1414
2021-07-22,1414
2021-07-23,1414
2021-07-24,1415
2021-07-25,1415
2021-07-26,1415
2021-07-27,1415
2021-07-28,1415
2021-07-29,1415
2021-07-30,1415
2021-07-31,1415
2021-08-01,1415
2021-08-02,1415
2021-08-03,1415
2021-08-04,1415
2021-08-05,1415
2021-08-06,1415
2021-08-07,1415
2021-08-08,1415
2021-08-09,1415
2021-08-10,1415
2021-08-11,1415
2021-08-12,1415
2021-08-13,1415
2021-08-14,1415
2021-08-15,1415
2021-08-16,1415
2021-08-17,1415
2021-08-18,1415
2021-08-19,1415
2021-08-20,1415
2021-08-21,1415
2021-08-22,1415
2021-08-23,1415
2021-08-24,1415
2021-08-25,1415
2021-08-26,1415
2021-08-27,1415
2021-08-28,1415
2021-08-29,1415
2021-08-30,1415
2021-08-31,1416
2021-09-01,1416
2021-09-02,1417
2021-09-03,1417
2021-09-04,1417
2021-09-05,1417
2021-09-06,1417
2021-09-07,1417
2021-09-08,1417
2021-09-09,1417
2021-09-10,1417
2021-09-11,1417
2021-09-12,1417
2021-09-13,1417
2021-09-14,1417
2021-09-15,1417
2021-09-16,1417
2021-09-17,1418
2021-09-18,1418
2021-09-19,1418
2021-09-20,1418
2021-09-21,1418
2021-09-22,1419
2021-09-23,1419
2021-09-24,1419
2021-09-25,1419
2021-09-26,1419
2021-09-27,1419
2021-09-28,1419
2021-09-29,1419
2021-09-30,1419
2021-10-01,1419
2021-10-02,1419
2021-10-03,1419
2021-10-04,1419
2021-10-05,1419
2021-10-06,1419
2021-10-07,1419
2021-10-08,1419
2021-10-09,1419
2021-10-10,1419
2021-10-11,1419
2021-10-12,1419
2021-10-13,1419
2021-10-14,1419
2021-10-15,1419
2021-10-16,1419
2021-10-17,1419
2021-10-18,1419
2021-10-19,1420
2021-10-20,1420
2021-10-21,1420
2021-10-22,1420
2021-10-23,1420
2021-10-24,1420
2021-10-25,1420
2021-10-26,1420
2021-10-27,1420
2021-10-28,1420
2021-10-29,1420
2021-10-30,1420
2021-10-31,1420
2021-11-01,1420
2021-11-02,1420
2021-11-03,1420
2021-11-04,1420
2021-11-05,1420
2021-11-06,1420
2021-11-07,1420
2021-11-08,1420
2021-11-09,1420
2021-11-10,1420
2021-11-11,1421
2021-11-12,1421
2021-11-13,1421
2021-11-14,1421
2021-11-15,1421
2021-11-16,1421
2021-11-17,1421
2021-11-18,1421
2021-11-19,1421
2021-11-20,1421
2021-11-21,1421
2021-11-22,1421
2021-11-23,1422
2021-11-24,1422
2021-11-25,1422
2021-11-26,1422
2021-11-27,1422
2021-11-28,1422
2021-11-29,1422
2021-11-30,1422
2021-12-01,1422
2021-12-02,1422
2021-12-03,1422
2021-12-04,1423
2021-12-05,1423
2021-12-06,1423
2021-12-07,1423
2021-12-08,1423
2021-12-09,1425
2021-12-10,1425
2021-12-11,1425
2021-12-12,1425
2021-12-13,1425
2021-12-14,1425
2021-12-15,1425
2021-12-16,1425
2021-12-17,1425
2021-12-18,1426
2021-12-19,1426
2021-12-20,1426
2021-12-21,1426
2021-12-22,1426
2021-12-23,1426
2021-12-24,1426
2021-12-25,1426
2021-12-26,1426
2021-12-27,1426
2021-12-28,1427
2021-12-29,1427
2021-12-30,1427
2021-12-31,1427
2022-01-01,1427
2022-01-02,1427
2022-01-03,1427
2022-01-04,1427
2022-01-05,1427
2022-01-06,1427
2022-01-07,1427
2022-01-08,1427
2022-01-09,1427
2022-01-10,1427
2022-01-11,1427
2022-01-12,1427
2022-01-13,1427
2022-01-14,1428
2022-01-15,1428
2022-01-16,1428
2022-01-17,1428
2022-01-18,1428
2022-01-19,1428
2022-01-20,1428
2022-01-21,1428
2022-01-22,1428
2022-01-23,1428
2022-01-24,1428
2022-01-25,1428
2022-01-26,1428
2022-01-27,1428
2022-01-28,1428
2022-01-29,1428
2022-01-30,1428
2022-01-31,1428
2022-02-01,1428
2022-02-02,1428
2022-02-03,1428
2022-02-04,1429
2022-02-05,1430
2022-02-06,1430
2022-02-07,1430
2022-02-08,1430
2022-02-09,1430
2022-02-10,1430
2022-02-11,1430
2022-02-12,1430
2022-02-13,1430
2022-02-14,1430
2022-02-15,1430
2022-02-16,1430
2022-02-17,1430
2022-02-18,1430
2022-02-19,1430
2022-02-20,1430
2022-02-21,1430
2022-02-22,1430
2022-02-23,1430
2022-02-24,1430
2022-02-25,1430
2022-02-26,1430
2022-02-27,1430
2022-02-28,1430
2022-03-01,1430
2022-03-02,1430
2022-03-03,1430
2022-03-04,1430
2022-03-05,1430
2022-03-06,1430
2022-03-07,1430
2022-03-08,1430
2022-03-09,1430
2022-03-10,1431
2022-03-11,1431
2022-03-12,1431
2022-03-13,1431
2022-03-14,1431
2022-03-15,1431
2022-03-16,1431
2022-03-17,1431
2022-03-18,1432
2022-03-19,1432
2022-03-20,1432
2022-03-21,1432
2022-03-22,1432
2022-03-23,1432
2022-03-24,1432
2022-03-25,1432
2022-03-26,1432
2022-03-27,1432
2022-03-28,1432
2022-03-29,1432
2022-03-30,1432
2022-03-31,1432
2022-04-01,1433
2022-04-02,1433
2022-04-03,1433
2022-04-04,1433
2022-04-05,1433
2022-04-06,1433
2022-04-07,1433
2022-04-08,1437
2022-04-09,1437
2022-04-10,1437
2022-04-11,1437
2022-04-12,1437
2022-04-13,1437
2022-04-14,1437
2022-04-15,1437
2022-04-16,1437
2022-04-17,1437
2022-04-18,1437
2022-04-19,1437
2022-04-20,1437
2022-04-21,1437
2022-04-22,1437
2022-04-23,1438
2022-04-24,1438
2022-04-25,1438
2022-04-26,1438
2022-04-27,1438
2022-04-28,1438
2022-04-29,1438
2022-04-30,1438
2022-05-01,1438
2022-05-02,1438
2022-05-03,1438
2022-05-04,1439
2022-05-05,1439
2022-05-06,1439
2022-05-07,1439
2022-05-08,1439
2022-05-09,1439
2022-05-10,1439
2022-05-11,1439
2022-05-12,1439
2022-05-13,1439
2022-05-14,1439
2022-05-15,1439
2022-05-16,1439
2022-05-17,1439
2022-05-18,1439
2022-05-19,1439
2022-05-20,1439
2022-05-21,1439
2022-05-22,1439
2022-05-23,1439
2022-05-24,1439
2022-05-25,1439
2022-05-26,1439
2022-05-27,1440
2022-05-28,1440
2022-05-29,1440
2022-05-30,1440
2022-05-31,1440
2022-06-01,1440
2022-06-02,1440
2022-06-03,1440
2022-06-04,1440
2022-06-05,1440
2022-06-06,1440
2022-06-07,1440
2022-06-08,1440
2022-06-09,1440
2022-06-10,1440
2022-06-11,1440
2022-06-12,1440
2022-06-13,1440
2022-06-14,1440
2022-06-15,1440
2022-06-16,1440
2022-06-17,1440
2022-06-18,1441
2022-06-19,1441
2022-06-20,1441
2022-06-21,1441
2022-06-22,1441
2022-06-23,1441
2022-06-24,1441
2022-06-25,1441
2022-06-26,1441
2022-06-27,1441
2022-06-28,1441
2022-06-29,1441
2022-06-30,1441
2022-07-01,1441
2022-07-02,1441
2022-07-03,1441
2022-07-04,1441
2022-07-05,1441
2022-07-06,1441
2022-07-07,1441
2022-07-08,1441
2022-07-09,1441
2022-07-10,1441
2022-07-11,1441
2022-07-12,1441
2022-07-13,1441
2022-07-14,1441
2022-07-15,1441
2022-07-16,1442
2022-07-17,1442
2022-07-18,1442
2022-07-19,1442
2022-07-20,1442
2022-07-21,1442
2022-07-22,1443
2022-07-23,1443
2022-07-24,1443
2022-07-25,1443
2022-07-26,1443
2022-07-27,1445
2022-07-28,1445
2022-07-29,1445
2022-07-30,1445
2022-07-31,1445
2022-08-01,1445
2022-08-02,1445
2022-08-03,1445
2022-08-04,1446
2022-08-05,1446
2022-08-06,1446
2022-08-07,1446
2022-08-08,1446
2022-08-09,1446
2022-08-10,1446
2022-08-11,1446
2022-08-12,1446
2022-08-13,1446
2022-08-14,1446
2022-08-15,1446
2022-08-16,1446
2022-08-17,1446
2022-08-18,1446
2022-08-19,1446
2022-08-20,1446
2022-08-21,1446
2022-08-22,1446
2022-08-23,1446
2022-08-24,1447
2022-08-25,1448
2022-08-26,1448
2022-08-27,1448
2022-08-28,1448
2022-08-29,1448
2022-08-30,1449
2022-08-31,1449
2022-09-01,1449
2022-09-02,1449
2022-09-03,1449
2022-09-04,1449
2022-09-05,1449
2022-09-06,1449
2022-09-07,1449
2022-09-08,1449
2022-09-09,1449
2022-09-10,1449
2022-09-11,1449
2022-09-12,1449
2022-09-13,1450
2022-09-14,1450
2022-09-15,1450
2022-09-16,1450
2022-09-17,1450
2022-09-18,1450
2022-09-19,1450
2022-09-20,1450
2022-09-21,1450
2022-09-22,1450
2022-09-23,1450
2022-09-24,1450
2022-09-25,1450
2022-09-26,1450
2022-09-27,1450
2022-09-28,1450
2022-09-29,1450
2022-09-30,1450
2022-10-01,1450
2022-10-02,1450
2022-10-03,1450
2022-10-04,1450
2022-10-05,1451
2022-10-06,1451
2022-10-07,1451
2022-10-08,1451
2022-10-09,1451
2022-10-10,1451
2022-10-11,1451
2022-10-12,1451
2022-10-13,1451
2022-10-14,1451
2022-10-15,1451
2022-10-16,1451
2022-10-17,1451
2022-10-18,1451
2022-10-19,1451
2022-10-20,1452
2022-10-21,1452
2022-10-22,1452
2022-10-23,1452
2022-10-24,1452
2022-10-25,1452
2022-10-26,1452
2022-10-27,1452
2022-10-28,1452
2022-10-29,1452
2022-10-30,1452
2022-10-31,1452
2022-11-01,1452
2022-11-02,1452
2022-11-03,1453
2022-11-04,1453
2022-11-05,1453
2022-11-06,1453
2022-11-07,1453
2022-11-08,1454
2022-11-09,1454
2022-11-10,1454
2022-11-11,1454
2022-11-12,1454
2022-11-13,1454
2022-11-14,1454
2022-11-15,1454
2022-11-16,1454
2022-11-17,1454
2022-11-18,1454
2022-11-19,1454
2022-11-20,1454
2022-11-21,1454
2022-11-22,1454
2022-11-23,1454
2022-11-24,1454
2022-11-25,1454
2022-11-26,1454
2022-11-27,1454
2022-11-28,1454
2022-11-29,1455
2022-11-30,1456
2022-12-01,1455
2022-12-02,1455
2022-12-03,1455
2022-12-04,1455
2022-12-05,1455
2022-12-06,1455
2022-12-07,1455
2022-12-08,1455
2022-12-09,1455
2022-12-10,1455
2022-12-11,1455
2022-12-12,1455
2022-12-13,1455
2022-12-14,1455
2022-12-15,1455
2022-12-16,1455
2022-12-17,1455
2022-12-18,1455
2022-12-19,1455
2022-12-20,1456
2022-12-21,1456
2022-12-22,1456
2022-12-23,1456
2022-12-24,1456
2022-12-25,1456
2022-12-26,1456
2022-12-27,1456
2022-12-28,1456
2022-12-29,1456
2022-12-30,1456
2022-12-31,1456
2023-01-01,1456
2023-01-02,1456
2023-01-03,1456
2023-01-04,1456
2023-01-05,1456
2023-01-06,1456
2023-01-07,1456
2023-01-08,1456
2023-01-09,1456
2023-01-10,1456
2023-01-11,1456
2023-01-12,1456
2023-01-13,1456
2023-01-14,1456
2023-01-15,1456
2023-01-16,1456
2023-01-17,1456
2023-01-18,1456
2023-01-19,1456
2023-01-20,1456
2023-01-21,1456
2023-01-22,1456
2023-01-23,1456
2023-01-24,1456
2023-01-25,1456
2023-01-26,1456
2023-01-27,1456
2023-01-28,1456
2023-01-29,1456
2023-01-30,1456
2023-01-31,1456
2023-02-01,1456
2023-02-02,1456
2023-02-03,1456
2023-02-04,1457
2023-02-05,1457
2023-02-06,1457
2023-02-07,1457
2023-02-08,1458
2023-02-09,1458
2023-02-10,1458
2023-02-11,1458
2023-02-12,1458
2023-02-13,1458
2023-02-14,1458
2023-02-15,1458
2023-02-16,1458
2023-02-17,1458
2023-02-18,1458
2023-02-19,1458
2023-02-20,1458
2023-02-21,1458
2023-02-22,1458
2023-02-23,1458
2023-02-24,1458
2023-02-25,1458
2023-02-26,1458
2023-02-27,1458
2023-02-28,1458
2023-03-01,1459
2023-03-02,1459
2023-03-03,1459
2023-03-04,1459
2023-03-05,1459
2023-03-06,1459
2023-03-07,1459
2023-03-08,1459
2023-03-09,1459
2023-03-10,1459
2023-03-11,1459
2023-03-12,1459
2023-03-13,1459
2023-03-14,1459
2023-03-15,1459
2023-03-16,1459
2023-03-17,1459
2023-03-18,1459
2023-03-19,1459
2023-03-20,1459
2023-03-21,1459
2023-03-22,1459
2023-03-23,1459
2023-03-24,1459
2023-03-25,1459
2023-03-26,1459
2023-03-27,1459
2023-03-28,1459
2023-03-29,1460
2023-03-30,1460
2023-03-31,1460
2023-04-01,1460
2023-04-02,1460
2023-04-03,1460
2023-04-04,1460
2023-04-05,1460
2023-04-06,1460
2023-04-07,1460
2023-04-08,1460
2023-04-09,1460
2023-04-10,1460
2023-04-11,1460
2023-04-12,1460
2023-04-13,1460
2023-04-14,1460
2023-04-15,1460
2023-04-16,1460
2023-04-17,1460
2023-04-18,1460
2023-04-19,1460
2023-04-20,1460
2023-04-21,1460
2023-04-22,1460
2023-04-23,1460
2023-04-24,1460
2023-04-25,1460
2023-04-26,1460
2023-04-27,1460
2023-04-28,1460
2023-04-29,1460
2023-04-30,1460
2023-05-01,1460
2023-05-02,1460
2023-05-03,1460
2023-05-04,1460
2023-05-05,1460
2023-05-06,1460
2023-05-07,1460
2023-05-08,1460
2023-05-09,1460
2023-05-10,1460
2023-05-11,1460
2023-05-12,1460
2023-05-13,1460
2023-05-14,1460
2023-05-15,1460
2023-05-16,1460
2023-05-17,1460
2023-05-18,1460
2023-05-19,1460
2023-05-20,1460
2023-05-21,1460
2023-05-22,1460
2023-05-23,1460
2023-05-24,1460
2023-05-25,1460
2023-05-26,1460
2023-05-27,1460
2023-05-28,1460
2023-05-29,1460
2023-05-30,1460
2023-05-31,1460
2023-06-01,1460
2023-06-02,1460
2023-06-03,1460
2023-06-04,1460
2023-06-05,1460
2023-06-06,1460
2023-06-07,1460
2023-06-08,1460
2023-06-09,1460
2023-06-10,1462
2023-06-11,1462
2023-06-12,1462
2023-06-13,1462
2023-06-14,1462
2023-06-15,1462
2023-06-16,1463
2023-06-17,1463
2023-06-18,1463
2023-06-19,1463
2023-06-20,1463
2023-06-21,1463
2023-06-22,1463
2023-06-23,1463
2023-06-24,1463
2023-06-25,1463
2023-06-26,1463
2023-06-27,1463
2023-06-28,1463
2023-06-29,1463
2023-06-30,1463
2023-07-01,1463
2023-07-02,1463
2023-07-03,1463
2023-07-04,1463
2023-07-05,1463
2023-07-06,1463
2023-07-07,1463
2023-07-08,1463
2023-07-09,1463
2023-07-10,1463
2023-07-11,1463
2023-07-12,1463
2023-07-13,1463
2023-07-14,1463
2023-07-15,1463
2023-07-16,1463
2023-07-17,1463
2023-07-18,1463
2023-07-19,1463
2023-07-20,1463
2023-07-21,1463
2023-07-22,1463
2023-07-23,1463
2023-07-24,1463
2023-07-25,1463
2023-07-26,1463
2023-07-27,1463
2023-07-28,1463
2023-07-29,1463
2023-07-30,1463
2023-07-31,1463
2023-08-01,1463
2023-08-02,1463
2023-08-03,1463
2023-08-04,1463
2023-08-05,1463
2023-08-06,1463
2023-08-07,1463
2023-08-08,1463
2023-08-09,1463
2023-08-10,1463
2023-08-11,1463
2023-08-12,1463
2023-08-13,1463
2023-08-14,1463
2023-08-15,1463
2023-08-16,1463
2023-08-17,1463
2023-08-18,1463
2023-08-19,1463
2023-08-20,1463
2023-08-21,1463
2023-08-22,1463
2023-08-23,1463
2023-08-24,1463
2023-08-25,1463
2023-08-26,1463
2023-08-27,1463
2023-08-28,1463
2023-08-29,1463
2023-08-30,1463
2023-08-31,1463
2023-09-01,1463
2023-09-02,1463
2023-09-03,1463
2023-09-04,1463
2023-09-05,1463
2023-09-06,1464
2023-09-07,1464
2023-09-08,1464
2023-09-09,1464
2023-09-10,1464
2023-09-11,1464
2023-09-12,1464
2023-09-13,1464
2023-09-14,1464
2023-09-15,1464
2023-09-16,1464
2023-09-17,1464
2023-09-18,1464
2023-09-19,1464
2023-09-20,1464
2023-09-21,1465
2023-09-22,1465
2023-09-23,1465
2023-09-24,1465
2023-09-25,1465
2023-09-26,1465
2023-09-27,1465
2023-09-28,1466
2023-09-29,1466
2023-09-30,1466
2023-10-01,1466
2023-10-02,1466
2023-10-03,1466
2023-10-04,1466
2023-10-05,1466
2023-10-06,1466
2023-10-07,1466
2023-10-08,1466
2023-10-09,1466
2023-10-10,1466
2023-10-11,1466
2023-10-12,1466
2023-10-13,1466
2023-10-14,1466
2023-10-15,1466
2023-10-16,1466
2023-10-17,1466
2023-10-18,1466
2023-10-19,1466
2023-10-20,1466
2023-10-21,1466
2023-10-22,1466
2023-10-23,1466
2023-10-24,1466
2023-10-25,1466
2023-10-26,1466
2023-10-27,1466
2023-10-28,1466
2023-10-29,1466
2023-10-30,1466
2023-10-31,1466
2023-11-01,1466
2023-11-02,1466
2023-11-03,1467
2023-11-04,1467
2023-11-05,1467
2023-11-06,1467
2023-11-07,1467
2023-11-08,1467
2023-11-09,1467
2023-11-10,1467
2023-11-11,1467
2023-11-12,1467
2023-11-13,1467
2023-11-14,1467
2023-11-15,1467
2023-11-16,1467
2023-11-17,1467
2023-11-18,1467
2023-11-19,1467
2023-11-20,1467
2023-11-21,1467
2023-11-22,1467
2023-11-23,1467
2023-11-24,1467
2023-11-25,1467
2023-11-26,1467
2023-11-27,1467
2023-11-28,1467
2023-11-29,1467
2023-11-30,1467
2023-12-01,1467
2023-12-02,1467
2023-12-03,1467
2023-12-04,1467
2023-12-05,1467
2023-12-06,1467
2023-12-07,1467
2023-12-08,1467
2023-12-09,1467
2023-12-10,1467
2023-12-11,1467
2023-12-12,1467
2023-12-13,1467
2023-12-14,1467
2023-12-15,1467
2023-12-16,1467
2023-12-17,1467
2023-12-18,1467
2023-12-19,1467
2023-12-20,1467
2023-12-21,1467
2023-12-22,1467
2023-12-23,1467
2023-12-24,1467
2023-12-25,1467
2023-12-26,1467
2023-12-27,1467
2023-12-28,1467
2023-12-29,1467
2023-12-30,1467
2023-12-31,1467
2024-01-01,1467
2024-01-02,1467
2024-01-03,1467
2024-01-04,1467
2024-01-05,1467
2024-01-06,1467
2024-01-07,1467
2024-01-08,1467
2024-01-09,1467
2024-01-10,1467
2024-01-11,1467
2024-01-12,1467
2024-01-13,1468
2024-01-14,1468
2024-01-15,1468
2024-01-16,1468
2024-01-17,1468
2024-01-18,1468
2024-01-19,1468
2024-01-20,1468
2024-01-21,1468
2024-01-22,1468
2024-01-23,1468
2024-01-24,1468
2024-01-25,1468
2024-01-26,1468
2024-01-27,1468
2024-01-28,1468
2024-01-29,1468
2024-01-30,1468
2024-01-31,1468
2024-02-01,1468
2024-02-02,1469
2024-02-03,1469
2024-02-04,1469
2024-02-05,1469
2024-02-06,1469
2024-02-07,1469
2024-02-08,1469
2024-02-09,1469
2024-02-10,1469
2024-02-11,1469
2024-02-12,1469
2024-02-13,1469
2024-02-14,1469
2024-02-15,1469
2024-02-16,1469
2024-02-17,1469
2024-02-18,1469
2024-02-19,1469
2024-02-20,1469
2024-02-21,1469
2024-02-22,1469
2024-02-23,1469
2024-02-24,1469
2024-02-25,1469
2024-02-26,1469
2024-02-27,1469
2024-02-28,1469
2024-02-29,1469
2024-03-01,1469
2024-03-02,1469
2024-03-03,1469
2024-03-04,1469
2024-03-05,1469
2024-03-06,1469
2024-03-07,1469
2024-03-08,1469
2024-03-09,1469
2024-03-10,1469
2024-03-11,1469
2024-03-12,1469
2024-03-13,1469
2024-03-14,1469
2024-03-15,1470
2024-03-16,1470
2024-03-17,1470
2024-03-18,1470
2024-03-19,1470
2024-03-20,1470
2024-03-21,1470
2024-03-22,1470
2024-03-23,1470
2024-03-24,1470
2024-03-25,1470
2024-03-26,1470
2024-03-27,1470
2024-03-28,1470
2024-03-29,1470
2024-03-30,1470
2024-03-31,1470
2024-04-01,1470
2024-04-02,1470
2024-04-03,1470
2024-04-04,1470
2024-04-05,1470
2024-04-06,1470
2024-04-07,1470
2024-04-08,1470
2024-04-09,1470
2024-04-10,1470
2024-04-11,1470
2024-04-12,1470
2024-04-13,1470
2024-04-14,1470
2024-04-15,1470
2024-04-16,1470
2024-04-17,1470
2024-04-18,1470
2024-04-19,1470
2024-04-20,1470
2024-04-21,1470
2024-04-22,1470
2024-04-23,1470
2024-04-24,1470
2024-04-25,1470
2024-04-26,1470
2024-04-27,1470
2024-04-28,1470
2024-04-29,1470
2024-04-30,1470
2024-05-01,1470
2024-05-02,1470
2024-05-03,1470
2024-05-04,1470
2024-05-05,1470
2024-05-06,1470
2024-05-07,1470
2024-05-08,1470
2024-05-09,1470
2024-05-10,1470
2024-05-11,1470
2024-05-12,1470
2024-05-13,1470
2024-05-14,1470
2024-05-15,1470
2024-05-16,1470
2024-05-17,1470
2024-05-18,1470
2024-05-19,1470
2024-05-20,1470
2024-05-21,1470
2024-05-22,1470
2024-05-23,1470
2024-05-24,1470
2024-05-25,1470
2024-05-26,1470
2024-05-27,1470
2024-05-28,1470
2024-05-29,1470
2024-05-30,1470
2024-05-31,1470
2024-06-01,1470
2024-06-02,1470
2024-06-03,1470
2024-06-04,1470
2024-06-05,1470
2024-06-06,1470
2024-06-07,1470
2024-06-08,1470
2024-06-09,1470
2024-06-10,1470
2024-06-11,1470
2024-06-12,1470
2024-06-13,1470
2024-06-14,1470
2024-06-15,1470
2024-06-16,1470
2024-06-17,1470
2024-06-18,1470
2024-06-19,1470
2024-06-20,1470
2024-06-21,1471
2024-06-22,1471
2024-06-23,1471
2024-06-24,1471
2024-06-25,1472
2024-06-26,1472
2024-06-27,1472
2024-06-28,1472
2024-06-29,1472
2024-06-30,1472
2024-07-01,1472
2024-07-02,1472
2024-07-03,1472
2024-07-04,1472
2024-07-05,1472
2024-07-06,1472
2024-07-07,1472
2024-07-08,1472
2024-07-09,1472
2024-07-10,1472
2024-07-11,1472
2024-07-12,1472
2024-07-13,1473
2024-07-14,1473
2024-07-15,1473
2024-07-16,1473
2024-07-17,1473
2024-07-18,1473
2024-07-19,1473
2024-07-20,1473
2024-07-21,1473
2024-07-22,1473
2024-07-23,1473
2024-07-24,1473
2024-07-25,1473
2024-07-26,1473
2024-07-27,1473
2024-07-28,1473
2024-07-29,1473
2024-07-30,1473
2024-07-31,1473
2024-08-01,1473
2024-08-02,1473
2024-08-03,1473
2024-08-04,1473
2024-08-05,1473
2024-08-06,1473
2024-08-07,1473
2024-08-08,1473
2024-08-09,1473
2024-08-10,1473
2024-08-11,1473
2024-08-12,1473
2024-08-13,1473
2024-08-14,1473
2024-08-15,1473
2024-08-16,1473
2024-08-17,1473
2024-08-18,1473
2024-08-19,1473
2024-08-20,1473
2024-08-21,1473
2024-08-22,1473
2024-08-23,1473
2024-08-24,1473
2024-08-25,1473
2024-08-26,1473
2024-08-27,1473
2024-08-28,1473
2024-08-29,1473
2024-08-30,1473
2024-08-31,1473
2024-09-01,1473
2024-09-02,1473
2024-09-03,1473
2024-09-04,1473
2024-09-05,1474
2024-09-06,1474
2024-09-07,1474
2024-09-08,1474
2024-09-09,1474
2024-09-10,1474
2024-09-11,1474
2024-09-12,1475
2024-09-13,1475
2024-09-14,1475
2024-09-15,1475
2024-09-16,1475
2024-09-17,1475
2024-09-18,1475
2024-09-19,1475
2024-09-20,1475
2024-09-21,1475
2024-09-22,1475
2024-09-23,1475
2024-09-24,1475
2024-09-25,1475
2024-09-26,1475
2024-09-27,1475
2024-09-28,1475
2024-09-29,1475
2024-09-30,1475
2024-10-01,1475
2024-10-02,1475
2024-10-03,1475
2024-10-04,1475
2024-10-05,1475
2024-10-06,1475
2024-10-07,1475
2024-10-08,1475
2024-10-09,1475
2024-10-10,1475
2024-10-11,1476
2024-10-12,1476
2024-10-13,1476
2024-10-14,1476
2024-10-15,1476
2024-10-16,1476
2024-10-17,1476
2024-10-18,1476
2024-10-19,1476
2024-10-20,1476
2024-10-21,1476
2024-10-22,1476
2024-10-23,1476
2024-10-24,1476
2024-10-25,1476
2024-10-26,1476
2024-10-27,1476
2024-10-28,1476
2024-10-29,1476
2024-10-30,1476
2024-10-31,1476
2024-11-01,1476
2024-11-02,1476
2024-11-03,1476
2024-11-04,1476
2024-11-05,1476
2024-11-06,1476
2024-11-07,1476
2024-11-08,1476
2024-11-09,1476
2024-11-10,1476
2024-11-11,1476
2024-11-12,1476
2024-11-13,1476
2024-11-14,1476
2024-11-15,1476
2024-11-16,1476
2024-11-17,1476
2024-11-18,1476
2024-11-19,1476
2024-11-20,1476
2024-11-21,1476
2024-11-22,1477
2024-11-23,1477
2024-11-24,1477
2024-11-25,1477
2024-11-26,1477
2024-11-27,1477
2024-11-28,1477
2024-11-29,1477
2024-11-30,1478
2024-12-01,1478
2024-12-02,1478
2024-12-03,1478
2024-12-04,1478
2024-12-05,1478
2024-12-06,1478
2024-12-07,1478
2024-12-08,1478
2024-12-09,1478
2024-12-10,1478
2024-12-11,1478
2024-12-12,1478
2024-12-13,1478
2024-12-14,1478
2024-12-15,1478
2024-12-16,1478
2024-12-17,1478
2024-12-18,1478
2024-12-19,1478
2024-12-20,1478
2024-12-21,1478
2024-12-22,1478
2024-12-23,1478
2024-12-24,1478
2024-12-25,1478
2024-12-26,1478
2024-12-27,1478
2024-12-28,1478
2024-12-29,1478
2024-12-30,1478
2024-12-31,1478
2025-01-01,1478
2025-01-02,1478
2025-01-03,1478
2025-01-04,1478
2025-01-05,1478
2025-01-06,1478
2025-01-07,1478
2025-01-08,1478
2025-01-09,1478
2025-01-10,1478
2025-01-11,1478
2025-01-12,1478
2025-01-13,1478
2025-01-14,1478
2025-01-15,1478
2025-01-16,1478
2025-01-17,1478
2025-01-18,1479
2025-01-19,1479
2025-01-20,1479
2025-01-21,1479
2025-01-22,1479
2025-01-23,1479
2025-01-24,1479
2025-01-25,1479
2025-01-26,1479
2025-01-27,1479
2025-01-28,1479
2025-01-29,1479
2025-01-30,1480
2025-01-31,1480
2025-02-01,1480
2025-02-02,1480
2025-02-03,1480
2025-02-04,1480
2025-02-05,1481
2025-02-06,1481
2025-02-07,1481
2025-02-08,1481
2025-02-09,1481
2025-02-10,1481
2025-02-11,1481
2025-02-12,1481
2025-02-13,1481
2025-02-14,1481
2025-02-15,1481
2025-02-16,1481
2025-02-17,1481
2025-02-18,1481
2025-02-19,1481
2025-02-20,1481
2025-02-21,1482
2025-02-22,1483
2025-02-23,1483
2025-02-24,1483
2025-02-25,1483
2025-02-26,1483
2025-02-27,1483
2025-02-28,1483
2025-03-01,1483
2025-03-02,1483
2025-03-03,1483
2025-03-04,1483
2025-03-05,1483
2025-03-06,1483
2025-03-07,1483
2025-03-08,1484
2025-03-09,1484
2025-03-10,1484
2025-03-11,1484
2025-03-12,1484
2025-03-13,1484
2025-03-14,1484
2025-03-15,1484
2025-03-16,1484
2025-03-17,1484
2025-03-18,1484
2025-03-19,1484
2025-03-20,1484
2025-03-21,1484
2025-03-22,1484
2025-03-23,1484
2025-03-24,1484
2025-03-25,1484
2025-03-26,1484
2025-03-27,1484
2025-03-28,1484
2025-03-29,1484
2025-03-30,1484
2025-03-31,1484
2025-04-01,1484
2025-04-02,1484
2025-04-03,1484
2025-04-04,1484
2025-04-05,1484
2025-04-06,1484
2025-04-07,1484
2025-04-08,1484
2025-04-09,1484
2025-04-10,1484
2025-04-11,1484
2025-04-12,1484
2025-04-13,1484
2025-04-14,1484
2025-04-15,1484
2025-04-16,1484
2025-04-17,1484
2025-04-18,1484
2025-04-19,1484
2025-04-20,1484
2025-04-21,1484
2025-04-22,1484
2025-04-23,1484
2025-04-24,1485
2025-04-25,1485
2025-04-26,1485
2025-04-27,1485
2025-04-28,1485
2025-04-29,1485
2025-04-30,1485
2025-05-01,1485
2025-05-02,1485
2025-05-03,1485
2025-05-04,1485
2025-05-05,1485
2025-05-06,1485
2025-05-07,1485
2025-05-08,1485
2025-05-09,1485
2025-05-10,1485
2025-05-11,1485
2025-05-12,1485
2025-05-13,1485
2025-05-14,1485
2025-05-15,1485
2025-05-16,1485
2025-05-17,1485
2025-05-18,1485
2025-05-19,1485
2025-05-20,1485
2025-05-21,1485
2025-05-22,1485
2025-05-23,1485
2025-05-24,1485
2025-05-25,1485
2025-05-26,1485
2025-05-27,1485
2025-05-28,1485
2025-05-29,1485
2025-05-30,1485
2025-05-31,1485
2025-06-01,1485
2025-06-02,1485
2025-06-03,1485
2025-06-04,1485
2025-06-05,1485
2025-06-06,1485
2025-06-07,1485
2025-06-08,1485
2025-06-09,1485
2025-06-10,1485
2025-06-11,1485
2025-06-12,1485
2025-06-13,1485
2025-06-14,1485
2025-06-15,1485
2025-06-16,1485
2025-06-17,1485
2025-06-18,1485
2025-06-19,1485
2025-06-20,1485
2025-06-21,1485
2025-06-22,1485
2025-06-23,1485
2025-06-24,1485
2025-06-25,1485
2025-06-26,1485
2025-06-27,1485
2025-06-28,1485
2025-06-29,1485
2025-06-30,1485
2025-07-01,1485
2025-07-02,1485
2025-07-03,1485
2025-07-04,1485
2025-07-05,1485
2025-07-06,1485
2025-07-07,1485
2025-07-08,1485
2025-07-09,1485
2025-07-10,1485
2025-07-11,1485
2025-07-12,1485
2025-07-13,1485
2025-07-14,1485
2025-07-15,1485
2025-07-16,1485
2025-07-17,1485
2025-07-18,1485
2025-07-19,1485
2025-07-20,1485
2025-07-21,1485
2025-07-22,1485
2025-07-23,1485
2025-07-24,1485
2025-07-25,1485
2025-07-26,1485
2025-07-27,1485
2025-07-28,1485
2025-07-29,1485
2025-07-30,1485
2025-07-31,1485
2025-08-01,1485
2025-08-02,1485
2025-08-03,1485
2025-08-04,1485
2025-08-05,1486
2025-08-06,1486
2025-08-07,1486
2025-08-08,1486
2025-08-09,1486
2025-08-10,1486
2025-08-11,1486
2025-08-12,1486
2025-08-13,1487
2025-08-14,1487
2025-08-15,1487
2025-08-16,1487
2025-08-17,1487
2025-08-18,1487
2025-08-19,1487
2025-08-20,1487
2025-08-21,1487
2025-08-22,1487
2025-08-23,1487
2025-08-24,1487
2025-08-25,1487
2025-08-26,1487
2025-08-27,1487
2025-08-28,1487
2025-08-29,1487
2025-08-30,1487
2025-08-31,1487
2025-09-01,1487
2025-09-02,1487
2025-09-03,1487
2025-09-04,1488
2025-09-05,1488
2025-09-06,1488
2025-09-07,1488
2025-09-08,1488
2025-09-09,1488
2025-09-10,1488
2025-09-11,1488
2025-09-12,1488
2025-09-13,1488
2025-09-14,1488
2025-09-15,1488
2025-09-16,1488
2025-09-17,1488
2025-09-18,1488
2025-09-19,1488
2025-09-20,1488
2025-09-21,1488
2025-09-22,1488
2025-09-23,1488
2025-09-24,1488
2025-09-25,1488
2025-09-26,1488
2025-09-27,1488
2025-09-28,1488
2025-09-29,1488
2025-09-30,1488
2025-10-01,1488
2025-10-02,1488
2025-10-03,1488
2025-10-04,1488
2025-10-05,1488
2025-10-06,1488
2025-10-07,1488
2025-10-08,1488
2025-10-09,1488
2025-10-10,1488
2025-10-11,1488
2025-10-12,1488
2025-10-13,1488
2025-10-14,1488
2025-10-15,1488
2025-10-16,1488
2025-10-17,1488
2025-10-18,1488
2025-10-19,1488
2025-10-20,1488
2025-10-21,1488
2025-10-22,1488
2025-10-23,1488
2025-10-24,1488
2025-10-25,1488
2025-10-26,1488
2025-10-27,1488
2025-10-28,1488
2025-10-29,1488
2025-10-30,1488
2025-10-31,1488
2025-11-01,1488
2025-11-02,1488
2025-11-03,1488
2025-11-04,1488
2025-11-05,1488
2025-11-06,1488
2025-11-07,1488
2025-11-08,1488
2025-11-09,1488
2025-11-10,1488
2025-11-11,1488
2025-11-12,1488
2025-11-13,1488
2025-11-14,1488
2025-11-15,1488
2025-11-16,1488
2025-11-17,1488
2025-11-18,1488
2025-11-19,1488
2025-11-20,1488
2025-11-21,1488
2025-11-22,1488
2025-11-23,1488
2025-11-24,1488
2025-11-25,1488
2025-11-26,1488
2025-11-27,1488
2025-11-28,1488
2025-11-29,1488
2025-11-30,1488
2025-12-01,1488
2025-12-02,1488
2025-12-03,1488
2025-12-04,1488
2025-12-05,1488
2025-12-06,1488
2025-12-07,1488
2025-12-08,1488
2025-12-09,1488
2025-12-10,1487
2025-12-11,1488
2025-12-12,1488
2025-12-13,1488
2025-12-14,1488
2025-12-15,1488
2025-12-16,1488
2025-12-17,1488
2025-12-18,1488
2025-12-19,1488
2025-12-20,1488
2025-12-21,1488
2025-12-22,1488
2025-12-23,1488
2025-12-24,1488
2025-12-25,1488
2025-12-26,1488
2025-12-27,1488
2025-12-28,1488
2025-12-29,1488
2025-12-30,1488
2025-12-31,1488
2026-01-01,1488
2026-01-02,1488
2026-01-03,1488
2026-01-04,1488
2026-01-05,1488
2026-01-06,1488
2026-01-07,1488
2026-01-08,1488
2026-01-09,1488
2026-01-10,1488
2026-01-11,1488
2026-01-12,1488
2026-01-13,1488
2026-01-14,1488
2026-01-15,1488
2026-01-16,1488
2026-01-17,1488
2026-01-18,1488
2026-01-19,1488
2026-01-20,1488
2026-01-21,1488
2026-01-22,1488
2026-01-23,1488
2026-01-24,1488
2026-01-25,1488
2026-01-26,1488
2026-01-27,1488
2026-01-28,1488
2026-01-29,1488
2026-01-30,1488
2026-01-31,1488
2026-02-01,1488
2026-02-02,1488
2026-02-03,1488
2026-02-04,1488
2026-02-05,1488
2026-02-06,1488
2026-02-07,1488
2026-02-08,1488
2026-02-09,1488
2026-02-10,1488
2026-02-11,1488
2026-02-12,1488
2026-02-13,1488
2026-02-14,1488
2026-02-15,1488
2026-02-16,1488
2026-02-17,1488
2026-02-18,1488
2026-02-19,1488
2026-02-20,1488
2026-02-21,1488
2026-02-22,1488
2026-02-23,1488
2026-02-24,1488
2026-02-25,1488
2026-02-26,1488
2026-02-27,1488
2026-02-28,1488
2026-03-01,1488
2026-03-02,1488
2026-03-03,1488
2026-03-04,1488
2026-03-05,1488
2026-03-06,1488
2026-03-07,1488
2026-03-08,1488
2026-03-09,1488
2026-03-10,1489
2026-03-11,1489
2026-03-12,1489
2026-03-13,1489
2026-03-14,1489
2026-03-15,1489
2026-03-16,1489
2026-03-17,1489
2026-03-18,1489
2026-03-19,1489
2026-03-20,1489
2026-03-21,1489
2026-03-22,1489
2026-03-23,1489
2026-03-24,1489
2026-03-25,1489
2026-03-26,1489
2026-03-27,1489
2026-03-28,1489
2026-03-29,1489
2026-03-30,1489
2026-03-31,1489
2026-04-01,1489
2026-04-02,1489
2026-04-03,1489
2026-04-04,1489
2026-04-05,1489
2026-04-06,1489
2026-04-07,1489
2026-04-08,1489
2026-04-09,1489
2026-04-10,1489
2026-04-11,1489
2026-04-12,1489
2026-04-13,1489
2026-04-14,1489
2026-04-15,1489
2026-04-16,1489
2026-04-17,1489
2026-04-18,1489
2026-04-19,1489
2026-04-20,1489
2026-04-21,1489
2026-04-22,1489
2026-04-23,1489
2026-04-24,1489
2026-04-25,1489
2026-04-26,1489
2026-04-27,1489
2026-04-28,1489
2026-04-29,1489
2026-04-30,1489
2026-05-01,1489
2026-05-02,1489
2026-05-03,1489
2026-05-04,1489
2026-05-05,1489
2026-05-06,1489
2026-05-07,1489
2026-05-08,1489
2026-05-09,1489
2026-05-10,1489
2026-05-11,1489
2026-05-12,1489
2026-05-13,1489
2026-05-14,1489
2026-05-15,1489
2026-05-16,1489
2026-05-17,1489
2026-05-18,1489
2026-05-19,1489
2026-05-20,1489
2026-05-21,1489
2026-05-22,1490
2026-05-23,1490
2026-05-24,1490
2026-05-25,1490
2026-05-26,1490
2026-05-27,1490
2026-05-28,1490
2026-05-29,1490
2026-05-30,1490
2026-05-31,1490
2026-06-01,1490
2026-06-02,1490
2026-06-03,1490
2026-06-04,1490
2026-06-05,1490
2026-06-06,1490
2026-06-07,1490
2026-06-08,1490
2026-06-09,1490
2026-06-10,1490
2026-06-11,1491
2026-06-12,1491
2026-06-13,1491
2026-06-14,1491
2026-06-15,1491
2026-06-16,1491
2026-06-17,1491
2026-06-18,1491
2026-06-19,1491
2026-06-20,1491
2026-06-21,1491
2026-06-22,1491
2026-06-23,1491
2026-06-24,1491
2026-06-25,1491
2026-06-26,1491
2026-06-27,1491
2026-06-28,1491
2026-06-29,1491
2026-06-30,1491
2026-07-01,1491
2026-07-02,1491
2026-07-03,1491
2026-07-04,1491
2026-07-05,1491
2026-07-06,1491
2026-07-07,1491
2026-07-08,1491
2026-07-09,1491
2026-07-10,1491
2026-07-11,1491
2026-07-12,1491
2026-07-13,1491
2026-07-14,1491
2026-07-15,1491
2026-07-16,1491
2026-07-17,1491
2026-07-18,1491
2026-07-19,1491
2026-07-20,1491
2026-07-21,1491
2026-07-22,1491
2026-07-23,1491
2026-07-24,1491
2026-07-25,1491
2026-07-26,1491
2026-07-27,1491
2026-07-28,1491
2026-07-29,1491
2026-07-30,1491
2026-07-31,1491
2026-08-01,1491
2026-08-02,1491
2026-08-03,1491
2026-08-04,1491
2026-08-05,1491
2026-08-06,1491
2026-08-07,1491
2026-08-08,1491
2026-08-09,1491
2026-08-10,1491
2026-08-11,1491
2026-08-12,1491
2026-08-13,1491
2026-08-14,1491
2026-08-15,1491
2026-08-16,1491
2026-08-17,1491
2026-08-18,1491
2026-08-19,1491
2026-08-20,1491
2026-08-21,1491
2026-08-22,1491
2026-08-23,1491
2026-08-24,1491
2026-08-25,1491
2026-08-26,1491
2026-08-27,1491
2026-08-28,1491
2026-08-29,1491
2026-08-30,1491
2026-08-31,1491
2026-09-01,1491
2026-09-02,1491
2026-09-03,1491
2026-09-04,1491
2026-09-05,1491
2026-09-06,1491
2026-09-07,1491
2026-09-08,1491
2026-09-09,1491
2026-09-10,1491
2026-09-11,1491
2026-09-12,1491
2026-09-13,1491
2026-09-14,1491
2026-09-15,1491
2026-09-16,1491
2026-09-17,1491
2026-09-18,1491
2026-09-19,1491
2026-09-20,1491
2026-09-21,1491
2026-09-22,1491
2026-09-23,1491
2026-09-24,1491
2026-09-25,1491
2026-09-26,1491
2026-09-27,1491
2026-09-28,1491
2026-09-29,1491
2026-09-30,1491
2026-10-01,1491
2026-10-02,1491
2026-10-03,1491
2026-10-04,1491
2026-10-05,1491
2026-10-06,1491
2026-10-07,1491
2026-10-08,1491
